TimeStamp,Actual_Demand_MW,LR_Forecast_MW,RF_Forecast_MW,LR_Residual_MW,RF_Residual_MW,LR_Absolute_Residual_MW,RF_Absolute_Residual_MW
2024-02-14 04:00:00,154063.08,153915.52724003507,152631.15225694422,147.55275996492128,1431.9277430557704,147.55275996492128,1431.9277430557704
2024-02-14 05:00:00,163891.08,160694.04480146238,164040.66183589952,3197.0351985376037,-149.58183589953114,3197.0351985376037,149.58183589953114
2024-02-14 06:00:00,180048.74,172312.37604919384,179241.228218242,7736.363950806146,807.5117817579885,7736.363950806146,807.5117817579885
2024-02-14 07:00:00,197888.27,186981.86352334,191213.92556174606,10906.406476659991,6674.344438253931,10906.406476659991,6674.344438253931
2024-02-14 08:00:00,205119.2,197667.424393599,199727.01709455028,7451.775606401003,5392.182905449736,7451.775606401003,5392.182905449736
2024-02-14 09:00:00,214135.16,206816.1404573564,205263.49881500725,7319.019542643597,8871.661184992758,7319.019542643597,8871.661184992758
2024-02-14 10:00:00,217958.43,212155.45795374515,210506.83664060847,5802.972046254843,7451.593359391525,5802.972046254843,7451.593359391525
2024-02-14 11:00:00,216617.14,213151.24669657377,211229.4511107792,3465.8933034262445,5387.688889220823,3465.8933034262445,5387.688889220823
2024-02-14 12:00:00,210878.28,210517.20277783854,210363.33594560836,361.07722216146067,514.9440543916426,361.07722216146067,514.9440543916426
2024-02-14 13:00:00,201622.32,204824.384064739,204210.34836809526,-3202.064064738981,-2588.028368095256,3202.064064738981,2588.028368095256
2024-02-14 14:00:00,198394.56,201082.43963383074,201163.55152554595,-2687.879633830744,-2768.991525545949,2687.879633830744,2768.991525545949
2024-02-14 15:00:00,197750.38,198607.72192002373,198634.2688123754,-857.3419200237258,-883.8888123754004,857.3419200237258,883.8888123754004
2024-02-14 16:00:00,194179.68,196059.24293741758,196210.9685396961,-1879.5629374175915,-2031.2885396961065,1879.5629374175915,2031.2885396961065
2024-02-14 17:00:00,192037.37,193418.86520297482,194088.7410983351,-1381.4952029748238,-2051.3710983351048,1381.4952029748238,2051.3710983351048
2024-02-14 18:00:00,191266.43,191551.0694895081,192141.32729585536,-284.63948950811755,-874.8972958553641,284.63948950811755,874.8972958553641
2024-02-14 19:00:00,189861.95,189818.8207938375,190430.47630765685,43.12920616249903,-568.5263076568372,43.12920616249903,568.5263076568372
2024-02-14 20:00:00,179223.35,184046.27002877847,182665.1828668832,-4822.920028778462,-3441.8328668831964,4822.920028778462,3441.8328668831964
2024-02-14 21:00:00,172000.5,177635.64202873688,175964.01531328037,-5635.142028736882,-3963.515313280368,5635.142028736882,3963.515313280368
2024-02-14 22:00:00,167166.36,171446.8641953886,169090.22015129623,-4280.50419538861,-1923.8601512962487,4280.50419538861,1923.8601512962487
2024-02-14 23:00:00,163299.33,166048.2581105228,163936.92131471887,-2748.9281105228,-637.591314718884,2748.9281105228,637.591314718884
2024-02-15 00:00:00,159140.81,159360.71178409172,160400.21174875178,-219.90178409172222,-1259.401748751785,219.90178409172222,1259.401748751785
2024-02-15 01:00:00,155649.37,154586.50605643052,156217.34514515626,1062.8639435694786,-567.9751451562624,1062.8639435694786,567.9751451562624
2024-02-15 02:00:00,153141.24,152169.16164956984,153305.49284784897,972.0783504301507,-164.25284784898395,972.0783504301507,164.25284784898395
2024-02-15 03:00:00,151984.17,151780.5764218718,151659.42187786437,203.59357812820235,324.7481221356429,203.59357812820235,324.7481221356429
2024-02-15 04:00:00,154702.49,153678.3706064863,153174.60889142298,1024.1193935136835,1527.881108577014,1024.1193935136835,1527.881108577014
2024-02-15 05:00:00,163579.88,158952.29329845234,165192.8874081217,4627.586701547669,-1613.007408121688,4627.586701547669,1613.007408121688
2024-02-15 06:00:00,178914.73,168508.3104529154,179107.8050541535,10406.419547084603,-193.07505415347987,10406.419547084603,193.07505415347987
2024-02-15 07:00:00,197398.79,181679.43646017875,189434.91857992063,15719.353539821255,7963.871420079377,15719.353539821255,7963.871420079377
2024-02-15 08:00:00,206119.15,192829.75583353708,198220.4990658202,13289.39416646291,7898.650934179808,13289.39416646291,7898.650934179808
2024-02-15 09:00:00,211633.19,202417.75558700532,204381.77288797984,9215.434412994684,7251.4171120201645,9215.434412994684,7251.4171120201645
2024-02-15 10:00:00,213627.66,208760.97591491014,209793.6592034655,4866.684085089859,3834.0007965344994,4866.684085089859,3834.0007965344994
2024-02-15 11:00:00,213471.07,210611.1518425382,208668.44434461524,2859.918157461798,4802.625655384763,2859.918157461798,4802.625655384763
2024-02-15 12:00:00,208479.37,209150.1533469424,206515.26794816737,-670.7833469423931,1964.1020518326259,670.7833469423931,1964.1020518326259
2024-02-15 13:00:00,199067.63,204936.97925365248,204305.16513474495,-5869.349253652472,-5237.535134744947,5869.349253652472,5237.535134744947
2024-02-15 14:00:00,198010.03,201120.90484291004,201411.6067570363,-3110.874842910038,-3401.576757036295,3110.874842910038,3401.576757036295
2024-02-15 15:00:00,197611.76,198136.3088020837,198859.6913518198,-524.5488020836783,-1247.9313518198032,524.5488020836783,1247.9313518198032
2024-02-15 16:00:00,195927.31,195359.24893408717,196331.85247076317,568.0610659128288,-404.5424707631755,568.0610659128288,404.5424707631755
2024-02-15 17:00:00,192403.01,193028.48872060305,194336.72373245496,-625.4787206030451,-1933.7137324549549,625.4787206030451,1933.7137324549549
2024-02-15 18:00:00,191552.3,190916.4748169523,192462.5809411248,635.8251830476802,-910.2809411248018,635.8251830476802,910.2809411248018
2024-02-15 19:00:00,191566.31,188744.44232645578,190086.53205418753,2821.867673544213,1479.7779458124714,2821.867673544213,1479.7779458124714
2024-02-15 20:00:00,181348.41,184365.70876058502,183273.79736036074,-3017.2987605850212,-1925.3873603607353,3017.2987605850212,1925.3873603607353
2024-02-15 21:00:00,174592.8,178968.89570713465,177181.02344449735,-4376.095707134664,-2588.2234444973583,4376.095707134664,2588.2234444973583
2024-02-15 22:00:00,169632.78,172957.6274155445,170683.26604429772,-3324.8474155445,-1050.4860442977224,3324.8474155445,1050.4860442977224
2024-02-15 23:00:00,165164.77,167192.72543023393,165630.92314033562,-2027.9554302339384,-466.1531403356348,2027.9554302339384,466.1531403356348
2024-02-16 00:00:00,160339.5,160250.21065711995,160863.2953415608,89.2893428800453,-523.7953415607917,89.2893428800453,523.7953415607917
2024-02-16 01:00:00,156937.76,155478.56557846934,156924.79368699732,1459.1944215306721,12.966313002689276,1459.1944215306721,12.966313002689276
2024-02-16 02:00:00,154296.09,153333.30052246386,154025.64164015843,962.7894775361347,270.44835984156816,962.7894775361347,270.44835984156816
2024-02-16 03:00:00,153335.3,153382.8262968191,152157.2908637399,-47.52629681912367,1178.0091362600797,47.52629681912367,1178.0091362600797
2024-02-16 04:00:00,155771.74,155432.97120342744,153316.61132951817,338.76879657254904,2455.1286704818194,338.76879657254904,2455.1286704818194
2024-02-16 05:00:00,164448.54,160646.67763658692,165993.18900837193,3801.8623634130927,-1544.6490083719254,3801.8623634130927,1544.6490083719254
2024-02-16 06:00:00,180766.96,169501.94295648517,179386.6954322631,11265.017043514817,1380.2645677368855,11265.017043514817,1380.2645677368855
2024-02-16 07:00:00,198121.95,181073.24492762398,189450.89954330688,17048.705072376033,8671.050456693134,17048.705072376033,8671.050456693134
2024-02-16 08:00:00,206198.67,191633.0209254973,197967.968449192,14565.649074502726,8230.701550808008,14565.649074502726,8230.701550808008
2024-02-16 09:00:00,215678.61,201341.38625096114,204177.20975144542,14337.22374903885,11501.400248554564,14337.22374903885,11501.400248554564
2024-02-16 10:00:00,219758.05,208775.10191917975,209541.3669671958,10982.948080820235,10216.683032804198,10982.948080820235,10216.683032804198
2024-02-16 11:00:00,218031.18,211925.33243043197,208497.2823374459,6105.8475695680245,9533.897662554082,6105.8475695680245,9533.897662554082
2024-02-16 12:00:00,212795.7,211500.69195001223,205975.02699700414,1295.0080499877804,6820.673002995871,1295.0080499877804,6820.673002995871
2024-02-16 13:00:00,204579.92,208220.00407938217,204503.8340563756,-3640.0840793821553,76.08594362440635,3640.0840793821553,76.08594362440635
2024-02-16 14:00:00,201163.83,204397.75790942923,201268.22536828928,-3233.9279094292433,-104.39536828928976,3233.9279094292433,104.39536828928976
2024-02-16 15:00:00,199341.43,201105.02250070186,198777.19528269567,-1763.5925007018668,564.2347173043236,1763.5925007018668,564.2347173043236
2024-02-16 16:00:00,195876.92,198155.20551322485,196364.88299431393,-2278.285513224837,-487.96299431391526,2278.285513224837,487.96299431391526
2024-02-16 17:00:00,191783.47,195525.8695044824,194336.3892452799,-3742.399504482397,-2552.919245279889,3742.399504482397,2552.919245279889
2024-02-16 18:00:00,190599.99,193073.96637313932,193071.08592419385,-2473.9763731393323,-2471.0959241938544,2473.9763731393323,2471.0959241938544
2024-02-16 19:00:00,190704.43,190683.86726162815,190271.98313989514,20.56273837183835,432.4468601048575,20.56273837183835,432.4468601048575
2024-02-16 20:00:00,180393.75,186627.07324530094,182777.1599000576,-6233.3232453009405,-2383.409900057595,6233.3232453009405,2383.409900057595
2024-02-16 21:00:00,174135.06,181671.217172205,177739.23901997585,-7536.157172205014,-3604.1790199758543,7536.157172205014,3604.1790199758543
2024-02-16 22:00:00,169027.78,176091.76093575495,171414.82317023806,-7063.980935754953,-2387.0431702380592,7063.980935754953,2387.0431702380592
2024-02-16 23:00:00,165049.61,170592.15704084278,166311.90125575298,-5542.547040842794,-1262.2912557529926,5542.547040842794,1262.2912557529926
2024-02-17 00:00:00,160825.73,163087.21376334532,161671.14183433863,-2261.4837633453135,-845.4118343386217,2261.4837633453135,845.4118343386217
2024-02-17 01:00:00,157557.67,157832.1526405348,157674.04763772144,-274.4826405347849,-116.37763772142353,274.4826405347849,116.37763772142353
2024-02-17 02:00:00,155094.98,155370.61774763424,155349.48505207326,-275.63774763423135,-254.5050520732475,275.63774763423135,254.5050520732475
2024-02-17 03:00:00,154055.6,155291.04195580242,153527.52048783694,-1235.4419558024092,528.0795121630654,1235.4419558024092,528.0795121630654
2024-02-17 04:00:00,156635.33,157243.34563608043,154005.06616272224,-608.0156360804394,2630.2638372777437,608.0156360804394,2630.2638372777437
2024-02-17 05:00:00,164476.16,162229.98177281918,166471.79148650798,2246.178227180819,-1995.6314865079767,2246.178227180819,1995.6314865079767
2024-02-17 06:00:00,177656.92,170307.15293022353,178016.06686583642,7349.767069776484,-359.14686583640287,7349.767069776484,359.14686583640287
2024-02-17 07:00:00,194166.2,181173.3134034524,189050.39237441792,12992.886596547614,5115.807625582092,12992.886596547614,5115.807625582092
2024-02-17 08:00:00,202811.24,191186.785499738,197885.86368050266,11624.454500261985,4925.376319497329,11624.454500261985,4925.376319497329
2024-02-17 09:00:00,212334.58,200756.08489824997,204498.23549674603,11578.495101750013,7836.34450325396,11578.495101750013,7836.34450325396
2024-02-17 10:00:00,216294.92,208010.67093090637,209881.4731246561,8284.24906909364,6413.446875343914,8284.24906909364,6413.446875343914
2024-02-17 11:00:00,213706.19,211215.62991124683,208469.99312524253,2490.5600887531764,5236.196874757472,2490.5600887531764,5236.196874757472
2024-02-17 12:00:00,207953.75,211286.66965312403,205782.18316811524,-3332.9196531240304,2171.56683188476,3332.9196531240304,2171.56683188476
2024-02-17 13:00:00,200752.58,208611.44403592628,203699.72035918705,-7858.864035926294,-2947.140359187062,7858.864035926294,2947.140359187062
2024-02-17 14:00:00,199372.28,205658.97229762757,200083.06851643012,-6286.692297627567,-710.788516430126,6286.692297627567,710.788516430126
2024-02-17 15:00:00,199638.39,202877.6859591375,197677.39399063066,-3239.2959591374965,1960.9960093693517,3239.2959591374965,1960.9960093693517
2024-02-17 16:00:00,197181.72,200135.5945764555,195130.85835904337,-2953.874576455506,2050.861640956631,2953.874576455506,2050.861640956631
2024-02-17 17:00:00,191116.06,197420.91174727475,192994.87905918324,-6304.851747274748,-1878.819059183239,6304.851747274748,1878.819059183239
2024-02-17 18:00:00,189540.87,194979.14893477457,192150.01301831545,-5438.278934774571,-2609.143018315459,5438.278934774571,2609.143018315459
2024-02-17 19:00:00,190293.45,192786.4185799762,189831.35615933384,-2492.968579976179,462.0938406661735,2492.968579976179,462.0938406661735
2024-02-17 20:00:00,180821.31,188621.4758426815,182175.9947985473,-7800.165842681512,-1354.6847985472996,7800.165842681512,1354.6847985472996
2024-02-17 21:00:00,175239.5,183567.78884700974,177056.11303242424,-8328.288847009739,-1816.6130324242404,8328.288847009739,1816.6130324242404
2024-02-17 22:00:00,170537.27,178149.8224873159,171140.36441179327,-7612.552487315901,-603.0944117932813,7612.552487315901,603.0944117932813
2024-02-17 23:00:00,167227.38,172851.04079704173,165995.7803514551,-5623.660797041724,1231.599648544914,5623.660797041724,1231.599648544914
2024-02-18 00:00:00,163119.5,164667.81144263045,161416.5273186243,-1548.3114426304528,1702.972681375686,1548.3114426304528,1702.972681375686
2024-02-18 01:00:00,159140.36,158713.78892125923,157812.0569534642,426.5710787407588,1328.3030465357879,426.5710787407588,1328.3030465357879
2024-02-18 02:00:00,156182.32,155765.88457360378,155318.9459225278,416.43542639623047,863.3740774721955,416.43542639623047,863.3740774721955
2024-02-18 03:00:00,155137.39,155486.34924619936,153764.50723011608,-348.9592461993452,1372.8827698839305,348.9592461993452,1372.8827698839305
2024-02-18 04:00:00,156986.82,157177.2480239643,154165.16845221014,-190.42802396428306,2821.6515477898647,190.42802396428306,2821.6515477898647
2024-02-18 05:00:00,163531.05,161533.4979541467,165917.83414825395,1997.5520458532847,-2386.784148253966,1997.5520458532847,2386.784148253966
2024-02-18 06:00:00,172598.7,168475.51702163383,177347.74536305855,4123.1829783661815,-4749.04536305854,4123.1829783661815,4749.04536305854
2024-02-18 07:00:00,185439.2,177970.76621802925,188731.45964841265,7468.433781970758,-3292.2596484126407,7468.433781970758,3292.2596484126407
2024-02-18 08:00:00,194400.82,187459.3218253078,197902.13242429285,6941.498174692213,-3501.312424292846,6941.498174692213,3501.312424292846
2024-02-18 09:00:00,203844.28,196242.4657965827,204658.82499796295,7601.814203417307,-814.5449979629484,7601.814203417307,814.5449979629484
2024-02-18 10:00:00,208910.22,203009.91852383045,209828.72522986773,5900.301476169552,-918.5052298677329,5900.301476169552,918.5052298677329
2024-02-18 11:00:00,206566.66,206021.47221977674,208979.42050241906,545.187780223263,-2412.760502419056,545.187780223263,2412.760502419056
2024-02-18 12:00:00,201554.77,206115.2443715125,205895.72308455015,-4560.474371512508,-4340.953084550158,4560.474371512508,4340.953084550158
2024-02-18 13:00:00,193837.32,203657.93864305958,202369.78203560607,-9820.61864305957,-8532.462035606062,9820.61864305957,8532.462035606062
2024-02-18 14:00:00,187626.55,200346.75837413853,199427.47663297018,-12720.208374138543,-11800.926632970193,12720.208374138543,11800.926632970193
2024-02-18 15:00:00,183933.49,196890.14302290152,196167.16178915443,-12956.653022901533,-12233.67178915444,12956.653022901533,12233.67178915444
2024-02-18 16:00:00,180715.24,193245.0881068987,193431.884763336,-12529.848106898717,-12716.644763336022,12529.848106898717,12716.644763336022
2024-02-18 17:00:00,177970.58,189878.0017726188,190031.89161284384,-11907.421772618807,-12061.311612843856,11907.421772618807,12061.311612843856
2024-02-18 18:00:00,176498.78,187295.17080104293,189053.3640545386,-10796.39080104293,-12554.584054538602,10796.39080104293,12554.584054538602
2024-02-18 19:00:00,177880.89,185204.50454394208,187592.8345214022,-7323.614543942065,-9711.944521402183,7323.614543942065,9711.944521402183
2024-02-18 20:00:00,169610.4,181032.08864685363,179641.25930690474,-11421.68864685364,-10030.85930690475,11421.68864685364,10030.85930690475
2024-02-18 21:00:00,164411.87,175983.18334681797,174902.59112326926,-11571.313346817973,-10490.721123269264,11571.313346817973,10490.721123269264
2024-02-18 22:00:00,160739.74,170727.71003234957,169567.05710669316,-9987.970032349578,-8827.317106693168,9987.970032349578,8827.317106693168
2024-02-18 23:00:00,158436.05,165559.75337316582,164521.34379027272,-7123.70337316583,-6085.293790272728,7123.70337316583,6085.293790272728
2024-02-19 00:00:00,154853.95,162119.49132686504,160696.0171223015,-7265.54132686503,-5842.067122301494,7265.54132686503,5842.067122301494
2024-02-19 01:00:00,151565.96,158693.83465637974,157077.60758388886,-7127.874656379747,-5511.647583888873,7127.874656379747,5511.647583888873
2024-02-19 02:00:00,149400.23,157094.2174978562,154711.80913594656,-7693.9874978562,-5311.579135946551,7693.9874978562,5311.579135946551
2024-02-19 03:00:00,148729.27,157433.3554184604,152783.77292834537,-8704.085418460425,-4054.502928345377,8704.085418460425,4054.502928345377
2024-02-19 04:00:00,151288.87,159436.7191595949,154267.64022500787,-8147.849159594916,-2978.770225007873,8147.849159594916,2978.770225007873
2024-02-19 05:00:00,159666.81,164012.76829932208,165552.2582841534,-4345.958299322083,-5885.44828415339,4345.958299322083,5885.44828415339
2024-02-19 06:00:00,174773.57,171694.9289223302,178943.77770568783,3078.641077669803,-4170.207705687819,3078.641077669803,4170.207705687819
2024-02-19 07:00:00,193511.92,181990.50526410821,188287.1402045425,11521.414735891798,5224.779795457522,11521.414735891798,5224.779795457522
2024-02-19 08:00:00,202223.52,191424.4967668247,197546.58358300154,10799.023233175278,4676.936416998447,10799.023233175278,4676.936416998447
2024-02-19 09:00:00,209706.31,200199.3521330695,204171.14926295332,9506.95786693049,5535.160737046681,9506.95786693049,5535.160737046681
2024-02-19 10:00:00,211621.54,207163.40204196167,209886.691014947,4458.137958038336,1734.8489850530168,4458.137958038336,1734.8489850530168
2024-02-19 11:00:00,206903.61,210560.26497815526,209357.30764801343,-3656.654978155275,-2453.697648013447,3656.654978155275,2453.697648013447
2024-02-19 12:00:00,200311.31,210653.564870042,208663.4252149206,-10342.254870042001,-8352.115214920603,10342.254870042001,8352.115214920603
2024-02-19 13:00:00,191972.47,208445.03457189957,204244.97339018274,-16472.564571899566,-12272.503390182741,16472.564571899566,12272.503390182741
2024-02-19 14:00:00,189122.04,205743.43745946753,200932.86691873008,-16621.397459467524,-11810.826918730076,16621.397459467524,11810.826918730076
2024-02-19 15:00:00,189450.77,202969.0796089788,197854.46760388894,-13518.309608978801,-8403.697603888955,13518.309608978801,8403.697603888955
2024-02-19 16:00:00,189854.58,200097.99987613808,196841.65658257942,-10243.419876138098,-6987.076582579437,10243.419876138098,6987.076582579437
2024-02-19 17:00:00,189788.34,197169.74341760628,195423.2054680447,-7381.403417606285,-5634.865468044707,7381.403417606285,5634.865468044707
2024-02-19 18:00:00,190135.28,194366.83405473246,193592.24323829488,-4231.554054732464,-3456.9632382948766,4231.554054732464,3456.9632382948766
2024-02-19 19:00:00,191006.44,191737.43531194332,190892.75396727194,-730.9953119433194,113.68603272805922,730.9953119433194,113.68603272805922
2024-02-19 20:00:00,180162.09,187373.53425120242,185367.15212942523,-7211.444251202425,-5205.062129425234,7211.444251202425,5205.062129425234
2024-02-19 21:00:00,173020.5,182292.69965258922,178196.56646497356,-9272.199652589217,-5176.066464973555,9272.199652589217,5176.066464973555
2024-02-19 22:00:00,167845.13,176999.11342034087,171555.9792299999,-9153.983420340868,-3710.849229999905,9153.983420340868,3710.849229999905
2024-02-19 23:00:00,164376.34,172115.3456208954,167154.1071030931,-7739.00562089539,-2777.767103093094,7739.00562089539,2777.767103093094
2024-02-20 00:00:00,160976.53,164712.20909693727,162175.69352629632,-3735.679096937267,-1199.1635262963246,3735.679096937267,1199.1635262963246
2024-02-20 01:00:00,157196.47,159867.82127525704,157964.3023405291,-2671.3512752570387,-767.8323405291012,2671.3512752570387,767.8323405291012
2024-02-20 02:00:00,154377.72,157669.7763464836,155123.37476672523,-3292.056346483587,-745.6547667252307,3292.056346483587,745.6547667252307
2024-02-20 03:00:00,153057.1,157311.17805695397,153472.4200025396,-4254.078056953964,-415.32000253960723,4254.078056953964,415.32000253960723
2024-02-20 04:00:00,155537.04,158703.75376606395,154223.51884954984,-3166.713766063942,1313.521150450164,3166.713766063942,1313.521150450164
2024-02-20 05:00:00,163795.79,163015.46139365787,165894.46514605818,780.3286063421401,-2098.6751460581727,780.3286063421401,2098.6751460581727
2024-02-20 06:00:00,177437.79,170624.69244264756,177992.4410211904,6813.097557352448,-554.6510211903951,6813.097557352448,554.6510211903951
2024-02-20 07:00:00,194725.12,181013.70805091225,186880.22524814802,13711.41194908775,7844.894751851971,13711.41194908775,7844.894751851971
2024-02-20 08:00:00,203195.13,190525.3963254468,194415.955973432,12669.733674553194,8779.174026568013,12669.733674553194,8779.174026568013
2024-02-20 09:00:00,211277.11,199719.99574781978,201116.1609522438,11557.11425218021,10160.949047756178,11557.11425218021,10160.949047756178
2024-02-20 10:00:00,214820.52,206839.37659674123,206717.3466913301,7981.143403258757,8103.1733086698805,7981.143403258757,8103.1733086698805
2024-02-20 11:00:00,211825.28,210682.64196026837,205812.760801359,1142.6380397316243,6012.519198641006,1142.6380397316243,6012.519198641006
2024-02-20 12:00:00,204931.8,211287.1036306045,205390.0066584488,-6355.303630604525,-458.20665844882024,6355.303630604525,458.20665844882024
2024-02-20 13:00:00,198093.33,209227.1857389384,203541.452536217,-11133.855738938408,-5448.122536217008,11133.855738938408,5448.122536217008
2024-02-20 14:00:00,197172.06,206871.58231874224,200367.2685165337,-9699.522318742238,-3195.2085165336903,9699.522318742238,3195.2085165336903
2024-02-20 15:00:00,196643.08,204428.35217250168,197974.1674017965,-7785.272172501689,-1331.0874017965107,7785.272172501689,1331.0874017965107
2024-02-20 16:00:00,194878.99,201811.12595437208,195180.2844899568,-6932.13595437209,-301.29448995681014,6932.13595437209,301.29448995681014
2024-02-20 17:00:00,192265.79,198938.52296817923,193596.3408068735,-6672.732968179218,-1330.550806873478,6672.732968179218,1330.550806873478
2024-02-20 18:00:00,191479.46,196212.70285204722,192730.68639925824,-4733.242852047231,-1251.2263992582448,4733.242852047231,1251.2263992582448
2024-02-20 19:00:00,191987.84,193572.88188611937,190919.99430649477,-1585.0418861193757,1067.8456935052236,1585.0418861193757,1067.8456935052236
2024-02-20 20:00:00,181992.85,189182.4537799284,186577.6982061905,-7189.60377992838,-4584.84820619048,7189.60377992838,4584.84820619048
2024-02-20 21:00:00,175119.18,184131.22111271857,178694.04315034393,-9012.04111271858,-3574.863150343939,9012.04111271858,3574.863150343939
2024-02-20 22:00:00,170341.72,178968.21236169504,172519.60583126973,-8626.49236169504,-2177.8858312697266,8626.49236169504,2177.8858312697266
2024-02-20 23:00:00,166979.02,174066.5269100767,167696.80670443352,-7087.506910076714,-717.7867044335289,7087.506910076714,717.7867044335289
2024-02-21 00:00:00,162787.81,166021.3726825797,163088.90508390206,-3233.562682579708,-301.0950839020661,3233.562682579708,301.0950839020661
2024-02-21 01:00:00,158666.86,160065.77653991597,159201.89627706,-1398.9165399159829,-535.0362770600186,1398.9165399159829,535.0362770600186
2024-02-21 02:00:00,156035.59,156725.1545340071,156330.99204258062,-689.564534007106,-295.40204258062295,689.564534007106,295.40204258062295
2024-02-21 03:00:00,154592.71,155668.8477199765,154413.64667488713,-1076.137719976512,179.06332511286018,1076.137719976512,179.06332511286018
2024-02-21 04:00:00,156653.64,156821.48065868136,154907.26121382296,-167.84065868135076,1746.3787861770543,167.84065868135076,1746.3787861770543
2024-02-21 05:00:00,164072.38,160574.18417284774,166368.28791505768,3498.19582715226,-2295.9079150576727,3498.19582715226,2295.9079150576727
2024-02-21 06:00:00,178010.54,167301.20208048294,178149.68010489413,10709.337919517071,-139.14010489411885,10709.337919517071,139.14010489411885
2024-02-21 07:00:00,193913.58,176801.93064809364,187603.92857666654,17111.64935190635,6309.651423333446,17111.64935190635,6309.651423333446
2024-02-21 08:00:00,201277.28,186573.1002147384,194453.7828142256,14704.1797852616,6823.497185774409,14704.1797852616,6823.497185774409
2024-02-21 09:00:00,208378.29,196008.7203301584,201270.94318693122,12369.569669841614,7107.346813068783,12369.569669841614,7107.346813068783
2024-02-21 10:00:00,212766.27,203686.42132169005,206653.23099800394,9079.848678309936,6113.039001996047,9079.848678309936,6113.039001996047
2024-02-21 11:00:00,211497.54,208260.48377697828,205585.97029387054,3237.056223021733,5911.569706129463,3237.056223021733,5911.569706129463
2024-02-21 12:00:00,206194.14,209772.65903091474,204465.31942941557,-3578.5190309147292,1728.8205705844448,3578.5190309147292,1728.8205705844448
2024-02-21 13:00:00,198736.68,208658.22690845953,202426.47263002177,-9921.546908459539,-3689.7926300217805,9921.546908459539,3689.7926300217805
2024-02-21 14:00:00,197224.47,206470.12144856076,200081.46837778506,-9245.651448560762,-2856.9983777850575,9245.651448560762,2856.9983777850575
2024-02-21 15:00:00,197087.92,203907.8674041443,197809.12994004556,-6819.947404144274,-721.2099400455481,6819.947404144274,721.2099400455481
2024-02-21 16:00:00,194364.4,201119.19422151786,194759.9718487901,-6754.794221517863,-395.5718487901031,6754.794221517863,395.5718487901031
2024-02-21 17:00:00,191953.29,198206.34446259,193136.8986800598,-6253.054462589993,-1183.608680059784,6253.054462589993,1183.608680059784
2024-02-21 18:00:00,190573.76,195433.15504558018,192522.27279928906,-4859.395045580168,-1948.5127992890484,4859.395045580168,1948.5127992890484
2024-02-21 19:00:00,191819.54,192729.32829571897,191182.84445674994,-909.7882957189577,636.695543250069,909.7882957189577,636.695543250069
2024-02-21 20:00:00,181982.12,188800.90629835145,187553.0323932478,-6818.78629835145,-5570.912393247796,6818.78629835145,5570.912393247796
2024-02-21 21:00:00,176233.6,184086.16188879975,179523.4212237808,-7852.561888799741,-3289.821223780804,7852.561888799741,3289.821223780804
2024-02-21 22:00:00,172359.12,179085.66358267423,172840.43337822746,-6726.543582674232,-481.3133782274672,6726.543582674232,481.3133782274672
2024-02-21 23:00:00,169377.25,174036.35171388113,168266.0780491414,-4659.101713881129,1111.1719508586102,4659.101713881129,1111.1719508586102
2024-02-22 00:00:00,165619.03,166250.95304040288,163500.35593917308,-631.9230404028785,2118.6740608269174,631.9230404028785,2118.6740608269174
2024-02-22 01:00:00,161634.94,160087.84318439735,159471.8032520865,1547.0968156026502,2163.1367479134933,1547.0968156026502,2163.1367479134933
2024-02-22 02:00:00,158927.22,156351.4684381591,156441.1951914022,2575.751561840909,2486.024808597809,2575.751561840909,2486.024808597809
2024-02-22 03:00:00,157323.66,154930.57789389306,154172.59586094576,2393.0821061069437,3151.064139054244,2393.0821061069437,3151.064139054244
2024-02-22 04:00:00,159747.48,155769.74724263125,154857.78734649828,3977.7327573687653,4889.692653501726,3977.7327573687653,4889.692653501726
2024-02-22 05:00:00,167248.55,158878.06215056515,167010.1139244228,8370.487849434838,238.43607557719224,8370.487849434838,238.43607557719224
2024-02-22 06:00:00,179712.1,164565.90597271768,178524.8348465872,15146.194027282327,1187.2651534127945,15146.194027282327,1187.2651534127945
2024-02-22 07:00:00,194388.34,172971.56836427172,187872.85372039673,21416.771635728277,6515.4862796032685,21416.771635728277,6515.4862796032685
2024-02-22 08:00:00,202201.1,182368.44492953908,194990.83142523086,19832.655070460925,7210.268574769143,19832.655070460925,7210.268574769143
2024-02-22 09:00:00,209951.22,191738.5163201082,201552.92409342472,18212.703679891798,8398.29590657528,18212.703679891798,8398.29590657528
2024-02-22 10:00:00,214899.25,199895.06819878306,208571.89607027418,15004.181801216939,6327.353929725825,15004.181801216939,6327.353929725825
2024-02-22 11:00:00,212913.05,204976.50587072657,206858.17604376373,7936.544129273418,6054.873956236261,7936.544129273418,6054.873956236261
2024-02-22 12:00:00,208385.48,206978.9610956753,206079.03177874928,1406.5189043247083,2306.4482212507282,1406.5189043247083,2306.4482212507282
2024-02-22 13:00:00,201623.09,206551.20778612143,203863.21288972104,-4928.117786121438,-2240.1228897210385,4928.117786121438,2240.1228897210385
2024-02-22 14:00:00,199926.59,204752.48850719866,201093.7107966042,-4825.898507198668,-1167.1207966041984,4825.898507198668,1167.1207966041984
2024-02-22 15:00:00,199413.24,202263.3214223846,198658.41606848923,-2850.0814223845955,754.8239315107639,2850.0814223845955,754.8239315107639
2024-02-22 16:00:00,196377.56,199448.00223826323,195898.5343889136,-3070.442238263233,479.0256110863993,3070.442238263233,479.0256110863993
2024-02-22 17:00:00,192858.14,196594.09985194774,193598.51945335724,-3735.9598519477295,-740.3794533572218,3735.9598519477295,740.3794533572218
2024-02-22 18:00:00,190638.24,193827.638446783,192627.17764733045,-3189.398446783016,-1988.9376473304583,3189.398446783016,1988.9376473304583
2024-02-22 19:00:00,191333.47,191166.88747923044,191268.89660554854,166.58252076955978,64.57339445146499,166.58252076955978,64.57339445146499
2024-02-22 20:00:00,182973.68,187835.78017429073,188412.2064789395,-4862.100174290739,-5438.526478939515,4862.100174290739,5438.526478939515
2024-02-22 21:00:00,177268.33,183766.3411653327,183767.593923622,-6498.0111653327185,-6499.263923621998,6498.0111653327185,6499.263923621998
2024-02-22 22:00:00,173379.74,178996.51914588225,178023.71812603186,-5616.779145882261,-4643.9781260318705,5616.779145882261,4643.9781260318705
2024-02-22 23:00:00,170181.6,173914.3444401882,170068.39896452383,-3732.744440188195,113.20103547617327,3732.744440188195,113.20103547617327
2024-02-23 00:00:00,165981.96,166681.46728292134,166294.84335784047,-699.5072829213459,-312.88335784047376,699.5072829213459,312.88335784047376
2024-02-23 01:00:00,162387.82,160705.63845175743,161688.66178174596,1682.1815482425736,699.1582182540442,1682.1815482425736,699.1582182540442
2024-02-23 02:00:00,159426.67,156928.50402647324,158142.57078076724,2498.165973526775,1284.0992192327685,2498.165973526775,1284.0992192327685
2024-02-23 03:00:00,158412.58,155323.09946288317,155901.0289334799,3089.4805371168186,2511.5510665201,3089.4805371168186,2511.5510665201
2024-02-23 04:00:00,160579.13,155882.06753044683,157004.97008514832,4697.062469553173,3574.1599148516834,4697.062469553173,3574.1599148516834
2024-02-23 05:00:00,168195.5,158696.6390490991,168069.46210653443,9498.860950900911,126.0378934655746,9498.860950900911,126.0378934655746
2024-02-23 06:00:00,181591.5,163802.25989665362,179890.87373187827,17789.240103346383,1700.626268121734,17789.240103346383,1700.626268121734
2024-02-23 07:00:00,197798.6,171193.70723717374,189043.61689029087,26604.89276282626,8754.983109709137,26604.89276282626,8754.983109709137
2024-02-23 08:00:00,206414.03,179745.493472512,196666.67523003122,26668.536527488002,9747.354769968777,26668.536527488002,9747.354769968777
2024-02-23 09:00:00,214242.52,188599.561418286,202810.25452471862,25642.95858171399,11432.265475281369,25642.95858171399,11432.265475281369
2024-02-23 10:00:00,219470.99,196686.5908537623,209410.9830067821,22784.3991462377,10060.006993217889,22784.3991462377,10060.006993217889
2024-02-23 11:00:00,218212.52,202279.82508175744,207578.79399300143,15932.694918242545,10633.726006998564,15932.694918242545,10633.726006998564
2024-02-23 12:00:00,213957.44,205171.7313341596,206075.799863451,8785.708665840415,7881.6401365490165,8785.708665840415,7881.6401365490165
2024-02-23 13:00:00,206944.17,205615.01717761473,204552.00102341265,1329.1528223852802,2392.16897658736,1329.1528223852802,2392.16897658736
2024-02-23 14:00:00,205614.26,204418.6520654635,201739.49431618972,1195.6079345364997,3874.765683810285,1195.6079345364997,3874.765683810285
2024-02-23 15:00:00,204551.98,202273.86677644373,199243.49454262864,2278.1132235562836,5308.485457371367,2278.1132235562836,5308.485457371367
2024-02-23 16:00:00,200122.33,199664.38840148735,196197.50859130843,457.94159851263976,3924.821408691554,457.94159851263976,3924.821408691554
2024-02-23 17:00:00,192657.74,196926.65902731,193914.40083735227,-4268.91902731001,-1256.6608373522758,4268.91902731001,1256.6608373522758
2024-02-23 18:00:00,189003.02,194186.23229138547,192617.74928929162,-5183.212291385484,-3614.7292892916303,5183.212291385484,3614.7292892916303
2024-02-23 19:00:00,190908.4,191473.8854610223,191118.82480764078,-565.4854610222974,-210.4248076407821,565.4854610222974,210.4248076407821
2024-02-23 20:00:00,184070.99,188246.79460052072,188879.89007925367,-4175.804600520729,-4808.900079253683,4175.804600520729,4808.900079253683
2024-02-23 21:00:00,178504.1,184380.5718601793,185189.85978902358,-5876.471860179299,-6685.7597890235775,5876.471860179299,6685.7597890235775
2024-02-23 22:00:00,174784.13,179874.24954817866,179058.8753950264,-5090.119548178656,-4274.745395026403,5090.119548178656,4274.745395026403
2024-02-23 23:00:00,171488.86,174997.3726148662,171637.62171580328,-3508.512614866224,-148.76171580329537,3508.512614866224,148.76171580329537
2024-02-24 00:00:00,166851.83,167267.74907959288,167103.42169467034,-415.919079592888,-251.591694670351,415.919079592888,251.591694670351
2024-02-24 01:00:00,162946.22,161325.47206360035,162383.47348375656,1620.7479363996536,562.7465162434382,1620.7479363996536,562.7465162434382
2024-02-24 02:00:00,159853.82,157887.40889892008,159227.80318621348,1966.4111010799243,626.0168137865257,1966.4111010799243,626.0168137865257
2024-02-24 03:00:00,159015.28,156533.87156882824,157469.011241835,2481.4084311717597,1546.2687581650098,2481.4084311717597,1546.2687581650098
2024-02-24 04:00:00,161579.12,157024.80791574926,157902.589685005,4554.312084250734,3676.530314995005,4554.312084250734,3676.530314995005
2024-02-24 05:00:00,168862.35,159542.0866751951,169377.93833040167,9320.263324804895,-515.5883304016606,9320.263324804895,515.5883304016606
2024-02-24 06:00:00,180404.05,164089.64774968993,179644.16639991626,16314.402250310057,759.8836000837327,16314.402250310057,759.8836000837327
2024-02-24 07:00:00,194493.5,170738.30074877336,189477.72427492056,23755.199251226644,5015.775725079438,23755.199251226644,5015.775725079438
2024-02-24 08:00:00,202999.32,178563.93461403807,197324.53997961045,24435.38538596194,5674.78002038956,24435.38538596194,5674.78002038956
2024-02-24 09:00:00,212679.52,186872.01767597228,203247.8522843386,25807.502324027708,9431.667715661402,25807.502324027708,9431.667715661402
2024-02-24 10:00:00,216802.43,194435.2780681186,209323.0545155171,22367.15193188138,7479.37548448288,22367.15193188138,7479.37548448288
2024-02-24 11:00:00,216611.29,199595.52861409794,207969.4722264406,17015.761385902064,8641.817773559422,17015.761385902064,8641.817773559422
2024-02-24 12:00:00,212442.64,202786.49721362977,206197.21677673628,9656.142786370241,6245.42322326373,9656.142786370241,6245.42322326373
2024-02-24 13:00:00,204412.18,203853.65414619914,204196.3705198797,558.5258538008493,215.8094801202824,558.5258538008493,215.8094801202824
2024-02-24 14:00:00,202934.45,203220.59573956538,200479.4846407335,-286.1457395653706,2454.965359266498,286.1457395653706,2454.965359266498
2024-02-24 15:00:00,201757.39,201428.43347048436,198218.42639697206,328.9565295156499,3538.9636030279507,328.9565295156499,3538.9636030279507
2024-02-24 16:00:00,197730.45,198918.91764206157,195774.82628187013,-1188.4676420615579,1955.6237181298784,1188.4676420615579,1955.6237181298784
2024-02-24 17:00:00,192029.23,196035.11103645893,193283.42449009512,-4005.8810364589153,-1254.1944900951057,4005.8810364589153,1254.1944900951057
2024-02-24 18:00:00,190678.75,193081.7065020859,191944.40958311816,-2402.956502085901,-1265.6595831181621,2402.956502085901,1265.6595831181621
2024-02-24 19:00:00,191202.07,190219.61067316454,191011.29740078148,982.4593268354656,190.77259921852965,982.4593268354656,190.77259921852965
2024-02-24 20:00:00,181234.25,186970.5929923462,188904.79058503703,-5736.34299234621,-7670.54058503703,5736.34299234621,7670.54058503703
2024-02-24 21:00:00,175532.95,183229.92334836302,185984.94325298944,-7696.973348363012,-10451.993252989429,7696.973348363012,10451.993252989429
2024-02-24 22:00:00,171971.36,178905.68532713957,178641.8275910582,-6934.325327139581,-6670.467591058201,6934.325327139581,6670.467591058201
2024-02-24 23:00:00,169521.88,174245.78951181745,171824.1770432106,-4723.909511817445,-2302.297043210594,4723.909511817445,2302.297043210594
2024-02-25 00:00:00,165171.56,165939.7983537798,167339.82232448415,-768.2383537798014,-2168.2623244841525,768.2383537798014,2168.2623244841525
2024-02-25 01:00:00,161126.8,159680.50022008215,162669.46700166556,1446.299779917841,-1542.6670016655698,1446.299779917841,1542.6670016655698
2024-02-25 02:00:00,157981.72,156150.60398813075,159654.301045582,1831.1160118692496,-1672.5810455819883,1831.1160118692496,1672.5810455819883
2024-02-25 03:00:00,156706.33,154743.0926065609,157781.5236974964,1963.237393439078,-1075.1936974964046,1963.237393439078,1075.1936974964046
2024-02-25 04:00:00,158488.77,155119.49040858573,158105.83148235,3369.2795914142625,382.93851764997817,3369.2795914142625,382.93851764997817
2024-02-25 05:00:00,165141.47,157368.3070798886,168952.36885492547,7773.162920111412,-3810.898854925472,7773.162920111412,3810.898854925472
2024-02-25 06:00:00,174364.18,161466.53349331504,178040.0342734823,12897.646506684949,-3675.854273482313,12897.646506684949,3675.854273482313
2024-02-25 07:00:00,186790.87,167441.6475643789,188024.2675432274,19349.222435621108,-1233.3975432274165,19349.222435621108,1233.3975432274165
2024-02-25 08:00:00,195323.61,174594.85654194956,195776.1370595357,20728.75345805043,-452.52705953569966,20728.75345805043,452.52705953569966
2024-02-25 09:00:00,205165.36,182246.52907815503,202291.39071560846,22918.830921844958,2873.9692843915254,22918.830921844958,2873.9692843915254
2024-02-25 10:00:00,210150.25,189232.3579474031,208872.0491113588,20917.8920525969,1278.2008886412077,20917.8920525969,1278.2008886412077
2024-02-25 11:00:00,208110.27,193856.40014139737,207897.33660814818,14253.869858602615,212.93339185180957,14253.869858602615,212.93339185180957
2024-02-25 12:00:00,203718.48,196824.54712965566,206151.75609370365,6893.932870344346,-2433.2760937036364,6893.932870344346,2433.2760937036364
2024-02-25 13:00:00,196037.43,197962.727965159,203232.27732323948,-1925.2979651589994,-7194.84732323949,1925.2979651589994,7194.84732323949
2024-02-25 14:00:00,192380.95,197457.0703851485,200380.33157280175,-5076.120385148475,-7999.381572801736,5076.120385148475,7999.381572801736
2024-02-25 15:00:00,190187.25,195673.7065795894,196842.044409456,-5486.456579589401,-6654.794409455993,5486.456579589401,6654.794409455993
2024-02-25 16:00:00,186539.05,192989.27529725464,194468.77153780605,-6450.225297254656,-7929.721537806065,6450.225297254656,7929.721537806065
2024-02-25 17:00:00,181080.74,189815.46542129482,190905.88089846302,-8734.725421294832,-9825.140898463025,8734.725421294832,9825.140898463025
2024-02-25 18:00:00,180812.33,186552.52548571138,189725.95552167407,-5740.195485711389,-8913.625521674083,5740.195485711389,8913.625521674083
2024-02-25 19:00:00,181470.54,183350.0602228895,188235.8584454909,-1879.5202228894923,-6765.318445490906,1879.5202228894923,6765.318445490906
2024-02-25 20:00:00,173572.1,179751.87422604204,186516.65865347284,-6179.774226042035,-12944.558653472835,6179.774226042035,12944.558653472835
2024-02-25 21:00:00,168134.08,175670.01294174782,183117.16814899715,-7535.932941747829,-14983.088148997165,7535.932941747829,14983.088148997165
2024-02-25 22:00:00,164000.81,171171.50301927503,178227.6613129221,-7170.69301927503,-14226.85131292211,7170.69301927503,14226.85131292211
2024-02-25 23:00:00,161620.73,166395.1263468914,171439.73857186144,-4774.396346891386,-9819.008571861428,4774.396346891386,9819.008571861428
2024-02-26 00:00:00,157318.14,163363.45418067716,168708.00371778835,-6045.3141806771455,-11389.863717788336,6045.3141806771455,11389.863717788336
2024-02-26 01:00:00,154159.44,160069.81057232624,164167.1335771259,-5910.370572326239,-10007.693577125901,5910.370572326239,10007.693577125901
2024-02-26 02:00:00,152171.19,158282.31537606512,161061.34803785477,-6111.125376065116,-8890.158037854766,6111.125376065116,8890.158037854766
2024-02-26 03:00:00,151634.33,158223.38755280533,159077.28059544176,-6589.057552805345,-7442.950595441769,6589.057552805345,7442.950595441769
2024-02-26 04:00:00,154672.07,159806.08214652183,160305.63025386108,-5134.012146521825,-5633.560253861069,5134.012146521825,5633.560253861069
2024-02-26 05:00:00,162549.27,162873.74679974245,169143.73521571673,-324.4767997424642,-6594.465215716744,324.4767997424642,6594.465215716744
2024-02-26 06:00:00,176431.71,167573.87138191584,180530.54493396755,8857.838618084148,-4098.834933967562,8857.838618084148,4098.834933967562
2024-02-26 07:00:00,193738.84,173907.43310860684,188863.70786682543,19831.406891393155,4875.132133174571,19831.406891393155,4875.132133174571
2024-02-26 08:00:00,203067.18,181100.3041226398,197030.67523656573,21966.875877360202,6036.504763434263,21966.875877360202,6036.504763434263
2024-02-26 09:00:00,211714.26,188590.90217393276,203368.15792997347,23123.35782606725,8346.102070026536,23123.35782606725,8346.102070026536
2024-02-26 10:00:00,214979.48,195236.87481804003,209176.11678283065,19742.60518195998,5803.363217169361,19742.60518195998,5803.363217169361
2024-02-26 11:00:00,214132.01,199692.6787883649,208859.86828407404,14439.331211635115,5272.141715925973,14439.331211635115,5272.141715925973
2024-02-26 12:00:00,210264.51,202677.39785115342,208240.9514840211,7587.112148846587,2023.5585159789189,7587.112148846587,2023.5585159789189
2024-02-26 13:00:00,202799.72,203942.5917379039,206204.2404148614,-1142.8717379038862,-3404.520414861385,1142.8717379038862,3404.520414861385
2024-02-26 14:00:00,201967.85,203745.96148843053,203097.66460853058,-1778.111488430528,-1129.814608530578,1778.111488430528,1129.814608530578
2024-02-26 15:00:00,201304.75,202411.6162725679,200497.93889761908,-1106.8662725678878,806.8111023809179,1106.8662725678878,806.8111023809179
2024-02-26 16:00:00,197765.22,200189.8843004631,197541.8031496032,-2424.664300463104,223.41685039681033,2424.664300463104,223.41685039681033
2024-02-26 17:00:00,193657.22,197374.5529862854,195508.31310557,-3717.332986285386,-1851.0931055700057,3717.332986285386,1851.0931055700057
2024-02-26 18:00:00,191055.44,194411.488786945,193987.7142689826,-3356.0487869450008,-2932.274268982612,3356.0487869450008,2932.274268982612
2024-02-26 19:00:00,190836.41,191505.3125120338,192032.41482695285,-668.9025120337901,-1196.0048269528488,668.9025120337901,1196.0048269528488
2024-02-26 20:00:00,180273.58,188175.1187898702,189029.50338792443,-7901.538789870217,-8755.923387924442,7901.538789870217,8755.923387924442
2024-02-26 21:00:00,174601.5,184375.8687223084,186368.41196629632,-9774.368722308398,-11766.91196629632,9774.368722308398,11766.91196629632
2024-02-26 22:00:00,169921.94,180237.83543553788,179879.2202666931,-10315.895435537881,-9957.280266693095,10315.895435537881,9957.280266693095
2024-02-26 23:00:00,166993.43,175931.4185663688,172639.4566062433,-8937.988566368818,-5646.0266062433075,8937.988566368818,5646.0266062433075
2024-02-27 00:00:00,162677.86,168534.48150273427,169324.31143374546,-5856.621502734284,-6646.451433745475,5856.621502734284,6646.451433745475
2024-02-27 01:00:00,158847.6,163642.950673289,165855.58006896664,-4795.35067328898,-7007.98006896663,4795.35067328898,7007.98006896663
2024-02-27 02:00:00,156397.41,161503.17751057204,162313.15512259502,-5105.767510572041,-5915.745122595021,5105.767510572041,5915.745122595021
2024-02-27 03:00:00,155812.32,161484.58242052502,160270.60225215013,-5672.262420525018,-4458.282252150122,5672.262420525018,4458.282252150122
2024-02-27 04:00:00,157956.85,163057.15886889436,161171.05245388424,-5100.3088688943535,-3214.202453884238,5100.3088688943535,3214.202453884238
2024-02-27 05:00:00,164975.37,166108.38975122702,170241.33517447088,-1133.0197512270242,-5265.965174470883,1133.0197512270242,5265.965174470883
2024-02-27 06:00:00,178883.62,170741.64579323534,180832.53847153235,8141.974206764658,-1948.91847153235,8141.974206764658,1948.91847153235
2024-02-27 07:00:00,197571.67,176957.6406830463,188941.9980125085,20614.029316953704,8629.671987491514,20614.029316953704,8629.671987491514
2024-02-27 08:00:00,207739.02,183997.27534724734,197290.81557350405,23741.744652752648,10448.20442649594,23741.744652752648,10448.20442649594
2024-02-27 09:00:00,214042.76,191452.84116549138,203300.71319841265,22589.91883450863,10742.046801587363,22589.91883450863,10742.046801587363
2024-02-27 10:00:00,216706.41,198111.22969221143,209377.35166653432,18595.18030778857,7329.058333465684,18595.18030778857,7329.058333465684
2024-02-27 11:00:00,213335.4,202766.5776812975,207926.4579219697,10568.8223187025,5408.94207803029,10568.8223187025,5408.94207803029
2024-02-27 12:00:00,207325.41,205717.80786381115,206462.4525062313,1607.602136188856,862.9574937687139,1607.602136188856,862.9574937687139
2024-02-27 13:00:00,199670.81,206911.740168112,204408.12771197694,-7240.930168112012,-4737.317711976939,7240.930168112012,4737.317711976939
2024-02-27 14:00:00,199765.83,206805.02754146047,201481.48312256622,-7039.197541460482,-1715.653122566233,7039.197541460482,1715.653122566233
2024-02-27 15:00:00,199282.84,205789.54630766268,199870.48886666435,-6506.70630766268,-587.6488666643563,6506.70630766268,587.6488666643563
2024-02-27 16:00:00,196684.58,204090.4007887973,197078.33423841506,-7405.820788797311,-393.7542384150729,7405.820788797311,393.7542384150729
2024-02-27 17:00:00,192001.34,201857.88694862547,194755.2514542718,-9856.546948625473,-2753.911454271816,9856.546948625473,2753.911454271816
2024-02-27 18:00:00,187727.24,199349.76027790876,192906.79850144434,-11622.52027790877,-5179.5585014443495,11622.52027790877,5179.5585014443495
2024-02-27 19:00:00,189010.83,196687.99871304637,191769.96569175256,-7677.168713046383,-2759.13569175257,7677.168713046383,2759.13569175257
2024-02-27 20:00:00,179562.54,193450.50145525637,189445.73969453224,-13887.961455256358,-9883.199694532232,13887.961455256358,9883.199694532232
2024-02-27 21:00:00,173842.82,189648.28184269922,186897.4874928019,-15805.46184269921,-13054.667492801906,15805.46184269921,13054.667492801906
2024-02-27 22:00:00,169305.88,185461.2449424074,179638.15717930978,-16155.364942407381,-10332.277179309778,16155.364942407381,10332.277179309778
2024-02-27 23:00:00,165801.28,181041.9269753854,172052.80385267187,-15240.646975385403,-6251.523852671875,15240.646975385403,6251.523852671875
2024-02-28 00:00:00,161493.5,172536.53031350995,168982.01586175378,-11043.030313509953,-7488.515861753782,11043.030313509953,7488.515861753782
2024-02-28 01:00:00,157655.92,166656.82748157426,166065.1976495318,-9000.90748157425,-8409.277649531781,9000.90748157425,8409.277649531781
2024-02-28 02:00:00,155254.81,163751.22738980927,162786.95485424498,-8496.41738980927,-7532.14485424498,8496.41738980927,7532.14485424498
2024-02-28 03:00:00,154700.95,163245.82947771688,161187.2943111111,-8544.879477716866,-6486.344311111083,8544.879477716866,6486.344311111083
2024-02-28 04:00:00,156630.29,164464.0530031884,162105.82686870164,-7833.763003188389,-5475.536868701631,7833.763003188389,5475.536868701631
2024-02-28 05:00:00,164330.24,167195.52105216894,172422.83783491948,-2865.2810521689535,-8092.597834919492,2865.2810521689535,8092.597834919492
2024-02-28 06:00:00,178828.9,171493.96760197205,181121.6793680259,7334.932398027944,-2292.77936802592,7334.932398027944,2292.77936802592
2024-02-28 07:00:00,194994.85,177429.65354473848,187501.8243717065,17565.196455261525,7493.025628293515,17565.196455261525,7493.025628293515
2024-02-28 08:00:00,204333.21,184387.3937876282,193967.86976618806,19945.816212371778,10365.340233811934,19945.816212371778,10365.340233811934
2024-02-28 09:00:00,212283.25,191827.24616710364,201140.1350790477,20456.003832896356,11143.1149209523,20456.003832896356,11143.1149209523
2024-02-28 10:00:00,216196.45,198747.24137829037,206829.5155538144,17449.208621709637,9366.934446185624,17449.208621709637,9366.934446185624
2024-02-28 11:00:00,213340.0,203752.98485927668,206323.29539346084,9587.01514072332,7016.704606539162,9587.01514072332,7016.704606539162
2024-02-28 12:00:00,206887.11,206866.958875406,205012.15687987974,20.15112459397642,1874.953120120248,20.15112459397642,1874.953120120248
2024-02-28 13:00:00,199460.42,208209.99691898862,203988.7766677224,-8749.576918988605,-4528.356667722401,8749.576918988605,4528.356667722401
2024-02-28 14:00:00,198124.75,208268.99931657026,201407.73438980515,-10144.249316570262,-3282.9843898051477,10144.249316570262,3282.9843898051477
2024-02-28 15:00:00,198259.05,207412.99628954168,200096.05411536558,-9153.946289541695,-1837.0041153655911,9153.946289541695,1837.0041153655911
2024-02-28 16:00:00,196679.66,205907.0458032104,196526.68299464684,-9227.385803210404,152.97700535316835,9227.385803210404,152.97700535316835
2024-02-28 17:00:00,190969.22,203858.49882443785,194577.5993139364,-12889.278824437846,-3608.379313936399,12889.278824437846,3608.379313936399
2024-02-28 18:00:00,188992.91,201462.88313386595,192823.336298411,-12469.973133865948,-3830.42629841101,12469.973133865948,3830.42629841101
2024-02-28 19:00:00,192665.43,198849.59826900752,191625.4199669675,-6184.168269007525,1040.0100330324785,6184.168269007525,1040.0100330324785
2024-02-28 20:00:00,183898.73,195782.99704778954,189194.27155582616,-11884.26704778953,-5295.541555826145,11884.26704778953,5295.541555826145
2024-02-28 21:00:00,177931.72,192151.93762253446,187108.71994848593,-14220.21762253446,-9176.999948485929,14220.21762253446,9176.999948485929
2024-02-28 22:00:00,173124.53,188071.05753615746,179897.30205221975,-14946.52753615746,-6772.772052219749,14946.52753615746,6772.772052219749
2024-02-28 23:00:00,169985.15,183694.57846712344,172486.04470849197,-13709.428467123449,-2500.8947084919782,13709.428467123449,2500.8947084919782
2024-02-29 00:00:00,165499.63,175974.88687783186,169013.56685864468,-10475.256877831853,-3513.93685864468,10475.256877831853,3513.93685864468
2024-02-29 01:00:00,161834.41,169844.1146543817,166037.94894359136,-8009.704654381698,-4203.538943591353,8009.704654381698,4203.538943591353
2024-02-29 02:00:00,158423.21,166511.9340532084,163067.4314750415,-8088.724053208396,-4644.2214750415005,8088.724053208396,4644.2214750415005
2024-02-29 03:00:00,157300.39,165500.97788305068,161472.30153367712,-8200.58788305067,-4171.9115336771065,8200.58788305067,4171.9115336771065
2024-02-29 04:00:00,158621.79,166294.9023152839,162980.02653357136,-7673.1123152838845,-4358.236533571355,7673.1123152838845,4358.236533571355
2024-02-29 05:00:00,167585.83,168585.70798093782,172557.14808689756,-999.877980937832,-4971.318086897576,999.877980937832,4971.318086897576
2024-02-29 06:00:00,181137.36,172318.42812235386,181446.79282193,8818.93187764613,-309.4328219300078,8818.93187764613,309.4328219300078
2024-02-29 07:00:00,198229.72,177616.96529019836,187724.09111398403,20612.754709801637,10505.62888601597,20612.754709801637,10505.62888601597
2024-02-29 08:00:00,206792.02,184086.8733613242,193886.52452936265,22705.146638675797,12905.49547063734,22705.146638675797,12905.49547063734
2024-02-29 09:00:00,212811.45,191194.98546577978,201201.52191193117,21616.464534220228,11609.928088068846,21616.464534220228,11609.928088068846
2024-02-29 10:00:00,215994.24,198054.24201936254,206516.57927928577,17939.997980637447,9477.660720714222,17939.997980637447,9477.660720714222
2024-02-29 11:00:00,214038.84,203103.42161876807,205214.75410847762,10935.418381231924,8824.08589152238,10935.418381231924,8824.08589152238
2024-02-29 12:00:00,207888.82,206384.97190376843,203782.07046243793,1503.8480962315807,4106.749537562078,1503.8480962315807,4106.749537562078
2024-02-29 13:00:00,199982.35,207988.86479749245,201953.17157283952,-8006.5147974924475,-1970.8215728395153,8006.5147974924475,1970.8215728395153
2024-02-29 14:00:00,200119.57,208287.85432757722,200505.0014927096,-8168.2843275772175,-385.43149270958384,8168.2843275772175,385.43149270958384
2024-02-29 15:00:00,201216.12,207605.1874228673,199725.08076804227,-6389.067422867316,1491.0392319577222,6389.067422867316,1491.0392319577222
2024-02-29 16:00:00,200701.79,206207.3388292261,196418.7674028336,-5505.548829226085,4283.022597166419,5505.548829226085,4283.022597166419
2024-02-29 17:00:00,194237.45,204252.8230831583,193774.00548869645,-10015.37308315828,463.44451130356174,10015.37308315828,463.44451130356174
2024-02-29 18:00:00,191380.69,201928.52493218778,192384.71543570413,-10547.834932187776,-1004.0254357041267,10547.834932187776,1004.0254357041267
2024-02-29 19:00:00,193618.35,199358.6694770651,191736.48700448652,-5740.319477065088,1881.862995513482,5740.319477065088,1881.862995513482
2024-02-29 20:00:00,184094.19,196365.20168689516,189719.4502732409,-12271.011686895159,-5625.260273240885,12271.011686895159,5625.260273240885
2024-02-29 21:00:00,178285.55,192885.90795234707,187406.57836649954,-14600.357952347083,-9121.028366499551,14600.357952347083,9121.028366499551
2024-02-29 22:00:00,174593.64,188888.51160708533,180265.12249587063,-14294.871607085312,-5671.482495870616,14294.871607085312,5671.482495870616
2024-02-29 23:00:00,171982.64,184554.22809929226,173676.3035744707,-12571.588099292247,-1693.6635744706728,12571.588099292247,1693.6635744706728
2024-03-01 00:00:00,167690.39,177605.13528417522,169819.4830273311,-9914.74528417521,-2129.0930273310805,9914.74528417521,2129.0930273310805
2024-03-01 01:00:00,163886.44,171952.84896600049,166696.0287320596,-8066.408966000483,-2809.5887320596084,8066.408966000483,2809.5887320596084
2024-03-01 02:00:00,161084.49,168781.14407681156,163500.87677513223,-7696.6540768115665,-2416.3867751322396,7696.6540768115665,2416.3867751322396
2024-03-01 03:00:00,159754.48,167556.42226552096,161318.30442084654,-7801.942265520949,-1563.824420846533,7801.942265520949,1563.824420846533
2024-03-01 04:00:00,161854.65,167933.02547479156,162770.48470514442,-6078.375474791566,-915.8347051444289,6078.375474791566,915.8347051444289
2024-03-01 05:00:00,169996.2,169847.28651501454,170330.2066555724,148.9134849854745,-334.0066555723897,148.9134849854745,334.0066555723897
2024-03-01 06:00:00,183319.81,173194.65611096952,178745.67447030146,10125.15388903048,4574.135529698542,10125.15388903048,4574.135529698542
2024-03-01 07:00:00,198052.24,177971.261826035,184975.0291313228,20080.978173964977,13077.210868677183,20080.978173964977,13077.210868677183
2024-03-01 08:00:00,205907.88,183920.4449757037,191678.71847778978,21987.435024296312,14229.161522210226,21987.435024296312,14229.161522210226
2024-03-01 09:00:00,212690.65,190614.7192167477,200014.1208218369,22075.93078325229,12676.529178163095,22075.93078325229,12676.529178163095
2024-03-01 10:00:00,216736.75,197159.00553422206,204736.68157971365,19577.74446577794,12000.068420286349,19577.74446577794,12000.068420286349
2024-03-01 11:00:00,215186.8,202085.268007109,203575.78417629388,13101.531992890988,11611.015823706111,13101.531992890988,11611.015823706111
2024-03-01 12:00:00,207976.14,205559.82995950946,201872.26714571184,2416.3100404905563,6103.872854288173,2416.3100404905563,6103.872854288173
2024-03-01 13:00:00,200486.96,207414.82345876037,200314.66233034644,-6927.863458760374,172.29766965354793,6927.863458760374,172.29766965354793
2024-03-01 14:00:00,197511.09,207904.58270437468,199656.8358133334,-10393.492704374687,-2145.7458133334003,10393.492704374687,2145.7458133334003
2024-03-01 15:00:00,197027.25,207332.47945881865,197703.9648191413,-10305.229458818649,-676.7148191413144,10305.229458818649,676.7148191413144
2024-03-01 16:00:00,194049.37,205773.5377566667,195215.27576038474,-11724.167756666691,-1165.9057603847468,11724.167756666691,1165.9057603847468
2024-03-01 17:00:00,188115.38,203517.40033762052,193025.48154822938,-15402.020337620517,-4910.101548229373,15402.020337620517,4910.101548229373
2024-03-01 18:00:00,185426.75,200982.72981334268,191863.38252712984,-15555.979813342681,-6436.632527129841,15555.979813342681,6436.632527129841
2024-03-01 19:00:00,186606.48,198318.13413858565,191910.28244947465,-11711.65413858564,-5303.802449474635,11711.65413858564,5303.802449474635
2024-03-01 20:00:00,177340.16,195537.88053600778,189657.22553927256,-18197.72053600778,-12317.06553927256,18197.72053600778,12317.06553927256
2024-03-01 21:00:00,171066.54,192376.9512051962,187843.65464457442,-21310.4112051962,-16777.11464457441,21310.4112051962,16777.11464457441
2024-03-01 22:00:00,166629.43,188742.00330830857,180001.843109786,-22112.57330830858,-13372.413109785994,22112.57330830858,13372.413109785994
2024-03-01 23:00:00,164231.42,184754.5865257035,172736.5810389152,-20523.166525703477,-8505.16103891519,20523.166525703477,8505.16103891519
2024-03-02 00:00:00,160674.77,177533.10651345874,169414.70878608234,-16858.33651345875,-8739.938786082348,16858.33651345875,8739.938786082348
2024-03-02 01:00:00,156869.48,171865.8424476071,166079.6115829762,-14996.362447607098,-9210.131582976202,14996.362447607098,9210.131582976202
2024-03-02 02:00:00,153943.12,169015.9908936891,163259.38880671954,-15072.870893689105,-9316.268806719541,15072.870893689105,9316.268806719541
2024-03-02 03:00:00,152449.26,167729.71330434462,161134.93732968243,-15280.453304344614,-8685.677329682425,15280.453304344614,8685.677329682425
2024-03-02 04:00:00,153861.48,167990.6160600312,162266.13411765976,-14129.13606003119,-8404.654117659753,14129.13606003119,8404.654117659753
2024-03-02 05:00:00,160574.94,169565.1318710223,168769.60316583692,-8990.19187102231,-8194.663165836915,8990.19187102231,8194.663165836915
2024-03-02 06:00:00,170893.6,172289.62264330435,177432.5586197157,-1396.0226433043426,-6538.958619715704,1396.0226433043426,6538.958619715704
2024-03-02 07:00:00,185221.85,176257.72804616258,187294.26623378313,8964.121953837428,-2072.416233783122,8964.121953837428,2072.416233783122
2024-03-02 08:00:00,193299.01,181443.90374054183,192162.16684952864,11855.106259458174,1136.8431504713662,11855.106259458174,1136.8431504713662
2024-03-02 09:00:00,199823.83,187446.96109804057,199767.05241773455,12376.868901959417,56.77758226543665,12376.868901959417,56.77758226543665
2024-03-02 10:00:00,200474.73,193410.67505830704,204687.82702259257,7064.054941692972,-4213.097022592556,7064.054941692972,4213.097022592556
2024-03-02 11:00:00,199887.81,197630.8768859522,203590.01020269596,2256.9331140478025,-3702.200202695967,2256.9331140478025,3702.200202695967
2024-03-02 12:00:00,193527.53,200481.79519412265,200893.7817240189,-6954.26519412265,-7366.25172401889,6954.26519412265,7366.25172401889
2024-03-02 13:00:00,186050.17,202103.5661763102,199528.1125020659,-16053.396176310198,-13477.942502065882,16053.396176310198,13477.942502065882
2024-03-02 14:00:00,184811.13,202790.7434278798,197960.32974148143,-17979.613427879784,-13149.199741481425,17979.613427879784,13149.199741481425
2024-03-02 15:00:00,185273.21,202640.39564964498,196420.5654043351,-17367.18564964499,-11147.355404335103,17367.18564964499,11147.355404335103
2024-03-02 16:00:00,183245.58,201585.1984542192,194392.80992804564,-18339.61845421922,-11147.22992804565,18339.61845421922,11147.22992804565
2024-03-02 17:00:00,178354.46,199665.94630707992,192508.90439338514,-21311.486307079933,-14154.444393385143,21311.486307079933,14154.444393385143
2024-03-02 18:00:00,177375.18,197313.31322435368,191744.88444236649,-19938.13322435369,-14369.704442366492,19938.13322435369,14369.704442366492
2024-03-02 19:00:00,181184.05,194652.28550470626,191896.50523655623,-13468.235504706274,-10712.455236556241,13468.235504706274,10712.455236556241
2024-03-02 20:00:00,171621.78,191754.4726951265,189569.04353855815,-20132.69269512649,-17947.263538558153,20132.69269512649,17947.263538558153
2024-03-02 21:00:00,165385.9,188674.55902535963,187855.1252601588,-23288.659025359637,-22469.225260158797,23288.659025359637,22469.225260158797
2024-03-02 22:00:00,161352.69,185222.38987045188,179717.56066907168,-23869.699870451877,-18364.87066907168,23869.699870451877,18364.87066907168
2024-03-02 23:00:00,159358.66,181434.73667854967,172311.17370942995,-22076.076678549667,-12952.513709429943,22076.076678549667,12952.513709429943
2024-03-03 00:00:00,156298.19,173708.3089502042,168233.29706415863,-17410.118950204196,-11935.107064158627,17410.118950204196,11935.107064158627
2024-03-03 01:00:00,151870.58,167701.43689279415,164347.1368798052,-15830.856892794167,-12476.556879805226,15830.856892794167,12476.556879805226
2024-03-03 02:00:00,148706.45,164433.84509408858,161558.95656939154,-15727.39509408857,-12852.506569391524,15727.39509408857,12852.506569391524
2024-03-03 03:00:00,146776.21,162824.55366481384,158884.46901010114,-16048.343664813845,-12108.259010101145,16048.343664813845,12108.259010101145
2024-03-03 04:00:00,147849.43,162798.5538461415,159313.26092253963,-14949.123846141505,-11463.830922539637,14949.123846141505,11463.830922539637
2024-03-03 05:00:00,153033.24,164128.31183063073,165216.43482034633,-11095.071830630739,-12183.19482034634,11095.071830630739,12183.19482034634
2024-03-03 06:00:00,160840.8,166573.68855287804,174591.7098821063,-5732.888552878052,-13750.909882106323,5732.888552878052,13750.909882106323
2024-03-03 07:00:00,172538.88,170143.5652672866,181950.4154396296,2395.314732713392,-9411.535439629602,2395.314732713392,9411.535439629602
2024-03-03 08:00:00,181029.93,174769.5371338841,188936.27151410058,6260.392866115901,-7906.341514100583,6260.392866115901,7906.341514100583
2024-03-03 09:00:00,189078.87,180145.94597862064,197136.0772496874,8932.924021379353,-8057.2072496874025,8932.924021379353,8057.2072496874025
2024-03-03 10:00:00,191647.61,185531.6825994951,202627.49851551472,6115.927400504879,-10979.888515514729,6115.927400504879,10979.888515514729
2024-03-03 11:00:00,189385.06,189273.9227268336,201808.10159856902,111.13727316638688,-12423.04159856902,111.13727316638688,12423.04159856902
2024-03-03 12:00:00,185673.26,191764.27725131033,200262.61687526453,-6091.017251310317,-14589.356875264522,6091.017251310317,14589.356875264522
2024-03-03 13:00:00,179873.04,193415.41936373446,197822.97661794614,-13542.37936373445,-17949.936617946136,13542.37936373445,17949.936617946136
2024-03-03 14:00:00,175800.2,194223.98113569888,196662.60691633474,-18423.781135698868,-20862.40691633473,18423.781135698868,20862.40691633473
2024-03-03 15:00:00,173582.36,194122.24372794773,194647.1681627816,-20539.883727947745,-21064.808162781614,20539.883727947745,21064.808162781614
2024-03-03 16:00:00,171272.92,193122.16401438657,191316.16679933167,-21849.244014386553,-20043.246799331653,21849.244014386553,20043.246799331653
2024-03-03 17:00:00,166492.8,191253.9141130236,188505.15196125134,-24761.11411302362,-22012.35196125135,24761.11411302362,22012.35196125135
2024-03-03 18:00:00,168423.45,188715.2267994225,188924.8178322153,-20291.776799422485,-20501.3678322153,20291.776799422485,20501.3678322153
2024-03-03 19:00:00,173656.25,185709.44118683657,189463.26717689788,-12053.191186836571,-15807.017176897876,12053.191186836571,15807.017176897876
2024-03-03 20:00:00,166669.33,182439.14401731972,188164.0912867003,-15769.814017319732,-21494.76128670032,15769.814017319732,21494.76128670032
2024-03-03 21:00:00,162236.6,178910.08382906226,185540.84846875657,-16673.483829062257,-23304.24846875656,16673.483829062257,23304.24846875656
2024-03-03 22:00:00,158215.33,175192.77672213505,178492.1127594974,-16977.446722135064,-20276.782759497408,16977.446722135064,20276.782759497408
2024-03-03 23:00:00,156194.21,171140.64974570443,172262.41040255176,-14946.43974570444,-16068.200402551767,14946.43974570444,16068.200402551767
2024-03-04 00:00:00,152042.24,168654.21410359407,169416.12525343176,-16611.974103594082,-17373.88525343177,16611.974103594082,17373.88525343177
2024-03-04 01:00:00,148301.82,165837.1446830578,166690.50621081982,-17535.324683057785,-18388.68621081981,17535.324683057785,18388.68621081981
2024-03-04 02:00:00,146003.69,164258.79391708606,163231.9295342327,-18255.10391708606,-17228.239534232707,18255.10391708606,17228.239534232707
2024-03-04 03:00:00,144965.59,163726.34802576536,160925.1410119277,-18760.75802576536,-15959.551011927717,18760.75802576536,15959.551011927717
2024-03-04 04:00:00,147134.49,164301.33716108048,162038.7276900265,-17166.847161080485,-14904.237690026523,17166.847161080485,14904.237690026523
2024-03-04 05:00:00,155250.94,165859.29181934378,167947.54991458394,-10608.351819343778,-12696.60991458394,10608.351819343778,12696.60991458394
2024-03-04 06:00:00,170018.31,168496.25874083763,175701.91867870378,1522.0512591623701,-5683.608678703778,1522.0512591623701,5683.608678703778
2024-03-04 07:00:00,186662.86,172207.55033810769,184580.03131264547,14455.309661892301,2082.828687354515,14455.309661892301,2082.828687354515
2024-03-04 08:00:00,195106.58,176831.81836560016,191634.70271837176,18274.761634399823,3471.877281628229,18274.761634399823,3471.877281628229
2024-03-04 09:00:00,202229.71,182114.6367596313,198901.25030444434,20115.073240368685,3328.459695555648,20115.073240368685,3328.459695555648
2024-03-04 10:00:00,204596.81,187463.06631810192,204600.1463714286,17133.74368189808,-3.3363714285951573,17133.74368189808,3.3363714285951573
2024-03-04 11:00:00,203252.56,191552.87152004347,202536.00837761673,11699.68847995653,716.5516223832674,11699.68847995653,716.5516223832674
2024-03-04 12:00:00,197851.49,194344.90209006233,200964.49898219577,3506.5879099376616,-3113.008982195781,3506.5879099376616,3113.008982195781
2024-03-04 13:00:00,191640.79,196293.2015975146,199557.11091699378,-4652.411597514583,-7916.320916993776,4652.411597514583,7916.320916993776
2024-03-04 14:00:00,190904.04,197428.71604196462,198616.48256055548,-6524.676041964616,-7712.442560555472,6524.676041964616,7712.442560555472
2024-03-04 15:00:00,190776.53,197660.01849564642,198140.56963986778,-6883.488495646423,-7364.039639867784,6883.488495646423,7364.039639867784
2024-03-04 16:00:00,189269.4,196984.5132448164,196409.47755424774,-7715.113244816399,-7140.0775542477495,7715.113244816399,7140.0775542477495
2024-03-04 17:00:00,183671.88,195457.90722200793,194341.445970517,-11786.02722200792,-10669.565970516996,11786.02722200792,10669.565970516996
2024-03-04 18:00:00,182118.47,193264.9997013976,192959.1226055556,-11146.529701397609,-10840.652605555602,11146.529701397609,10840.652605555602
2024-03-04 19:00:00,187504.41,190651.08348838895,191863.34854769203,-3146.673488388944,-4358.938547692029,3146.673488388944,4358.938547692029
2024-03-04 20:00:00,178839.21,187699.53037763495,190433.88378693847,-8860.320377634955,-11594.673786938481,8860.320377634955,11594.673786938481
2024-03-04 21:00:00,172803.27,184461.38663763113,188514.80835433866,-11658.116637631145,-15711.53835433867,11658.116637631145,15711.53835433867
2024-03-04 22:00:00,168670.01,180918.5988078836,185809.65272632524,-12248.588807883585,-17139.642726325226,12248.588807883585,17139.642726325226
2024-03-04 23:00:00,165985.98,177110.7227870323,179267.9352483598,-11124.7427870323,-13281.955248359794,11124.7427870323,13281.955248359794
2024-03-05 00:00:00,161405.34,170183.17780959065,174269.6246342328,-8777.837809590652,-12864.284634232812,8777.837809590652,12864.284634232812
2024-03-05 01:00:00,157664.76,165637.77326528335,170430.48168809526,-7973.013265283342,-12765.721688095247,7973.013265283342,12765.721688095247
2024-03-05 02:00:00,155385.3,163542.85752923836,167276.81580208061,-8157.557529238373,-11891.515802080627,8157.557529238373,11891.515802080627
2024-03-05 03:00:00,154577.38,163103.6519147896,165123.1497905027,-8526.271914789599,-10545.769790502702,8526.271914789599,10545.769790502702
2024-03-05 04:00:00,156073.94,164069.3671633484,165002.48664787915,-7995.427163348388,-8928.54664787915,7995.427163348388,8928.54664787915
2024-03-05 05:00:00,163508.22,166107.22246919427,170586.1531789153,-2599.002469194267,-7077.933178915293,2599.002469194267,7077.933178915293
2024-03-05 06:00:00,178019.54,169125.9531541771,179181.4011695162,8893.586845822894,-1161.8611695161962,8893.586845822894,1161.8611695161962
2024-03-05 07:00:00,192966.11,173141.53242111238,187724.50894216928,19824.577578887605,5241.601057830703,19824.577578887605,5241.601057830703
2024-03-05 08:00:00,200773.32,178005.65421027632,193128.9652931794,22767.665789723687,7644.354706820595,22767.665789723687,7644.354706820595
2024-03-05 09:00:00,207599.65,183471.46365055165,200353.99932264548,24128.18634944834,7245.650677354512,24128.18634944834,7245.650677354512
2024-03-05 10:00:00,208647.02,188954.80668487362,205505.4125343554,19692.21331512637,3141.6074656446,19692.21331512637,3141.6074656446
2024-03-05 11:00:00,205400.0,193115.3654938931,204733.69581872778,12284.6345061069,666.3041812722222,12284.6345061069,666.3041812722222
2024-03-05 12:00:00,199225.13,196112.15976849024,201737.10547511544,3112.9702315097675,-2511.9754751154396,3112.9702315097675,2511.9754751154396
2024-03-05 13:00:00,192106.26,198194.0656930846,199383.18207270562,-6087.805693084578,-7276.922072705609,6087.805693084578,7276.922072705609
2024-03-05 14:00:00,192246.9,199468.9121114522,198917.20775017195,-7222.012111452204,-6670.307750171953,7222.012111452204,6670.307750171953
2024-03-05 15:00:00,191857.69,199999.00808186227,198271.39431408732,-8141.318081862264,-6413.704314087314,8141.318081862264,6413.704314087314
2024-03-05 16:00:00,190284.07,199765.19923660945,195980.96460169315,-9481.129236609442,-5696.894601693144,9481.129236609442,5696.894601693144
2024-03-05 17:00:00,184877.89,198788.7195133716,193910.85212545632,-13910.829513371573,-9032.96212545631,13910.829513371573,9032.96212545631
2024-03-05 18:00:00,184370.2,197175.64315788384,193013.6407346958,-12805.443157883827,-8643.440734695789,12805.443157883827,8643.440734695789
2024-03-05 19:00:00,189158.46,195045.2544667089,191723.29177817356,-5886.794466708903,-2564.8317781735677,5886.794466708903,2564.8317781735677
2024-03-05 20:00:00,180485.58,192452.95863450586,190686.65498593016,-11967.378634505876,-10201.074985930172,11967.378634505876,10201.074985930172
2024-03-05 21:00:00,174534.51,189438.2119116716,189242.4777364191,-14903.701911671582,-14707.967736419087,14903.701911671582,14707.967736419087
2024-03-05 22:00:00,169618.5,186019.9335444976,186421.1715469289,-16401.433544497588,-16802.671546928905,16401.433544497588,16802.671546928905
2024-03-05 23:00:00,166646.73,182315.89403386376,179494.7228849736,-15669.164033863752,-12847.992884973588,15669.164033863752,12847.992884973588
2024-03-06 00:00:00,163005.67,174396.8144037541,174981.68821851132,-11391.144403754093,-11976.018218511308,11391.144403754093,11976.018218511308
2024-03-06 01:00:00,159811.62,168831.50744347865,171175.47780535114,-9019.887443478656,-11363.857805351145,9019.887443478656,11363.857805351145
2024-03-06 02:00:00,157213.59,166219.4690061335,168351.61481755253,-9005.879006133502,-11138.024817552534,9005.879006133502,11138.024817552534
2024-03-06 03:00:00,155489.74,165618.2591569477,166182.58887515092,-10128.519156947703,-10692.848875150929,10128.519156947703,10692.848875150929
2024-03-06 04:00:00,157050.19,166364.74371139568,165976.4251237831,-9314.553711395682,-8926.235123783088,9314.553711395682,8926.235123783088
2024-03-06 05:00:00,164093.41,168264.95218870594,173134.83544824264,-4171.542188705935,-9041.425448242633,4171.542188705935,9041.425448242633
2024-03-06 06:00:00,178958.27,171167.85012054877,180203.60218014847,7790.4198794512195,-1245.3321801484853,7790.4198794512195,1245.3321801484853
2024-03-06 07:00:00,193595.88,175044.95341549112,187976.58544666664,18550.92658450888,5619.29455333337,18550.92658450888,5619.29455333337
2024-03-06 08:00:00,200870.77,179766.5606434555,194464.1900397667,21104.20935654448,6406.579960233299,21104.20935654448,6406.579960233299
2024-03-06 09:00:00,207265.5,185108.9657609443,200989.2355489417,22156.534239055705,6276.26445105829,22156.534239055705,6276.26445105829
2024-03-06 10:00:00,210507.36,190470.6393250601,205854.6261043002,20036.72067493989,4652.733895699785,20036.72067493989,4652.733895699785
2024-03-06 11:00:00,208175.24,194477.62039711926,205286.4108889947,13697.619602880732,2888.829111005296,13697.619602880732,2888.829111005296
2024-03-06 12:00:00,202239.98,197604.26758782144,202807.30923514432,4635.712412178575,-567.3292351443088,4635.712412178575,567.3292351443088
2024-03-06 13:00:00,195099.22,199834.90735865972,200015.96803401635,-4735.687358659721,-4916.748034016346,4735.687358659721,4916.748034016346
2024-03-06 14:00:00,195222.21,201189.7692919039,198667.6479294577,-5967.559291903919,-3445.437929457694,5967.559291903919,3445.437929457694
2024-03-06 15:00:00,195328.46,201780.61608187572,198443.40153287034,-6452.156081875728,-3114.941532870347,6452.156081875728,3114.941532870347
2024-03-06 16:00:00,193286.6,201645.88420627592,196033.03123650796,-8359.284206275915,-2746.431236507953,8359.284206275915,2746.431236507953
2024-03-06 17:00:00,186644.67,200779.9442656576,193753.16037611774,-14135.274265657587,-7108.490376117727,14135.274265657587,7108.490376117727
2024-03-06 18:00:00,185856.2,199318.84633696405,192676.04713879025,-13462.64633696404,-6819.847138790239,13462.64633696404,6819.847138790239
2024-03-06 19:00:00,190156.33,197332.45642908386,192050.61720937045,-7176.1264290838735,-1894.2872093704646,7176.1264290838735,1894.2872093704646
2024-03-06 20:00:00,181125.5,194863.39970647983,190825.37686723983,-13737.899706479831,-9699.87686723983,13737.899706479831,9699.87686723983
2024-03-06 21:00:00,175028.16,191927.70399912295,189952.95605874865,-16899.54399912295,-14924.796058748645,16899.54399912295,14924.796058748645
2024-03-06 22:00:00,171053.31,188599.44057223471,187020.88713039056,-17546.130572234717,-15967.577130390564,17546.130572234717,15967.577130390564
2024-03-06 23:00:00,168793.45,184952.36566772178,179157.83703831883,-16158.915667721769,-10364.387038318819,16158.915667721769,10364.387038318819
2024-03-07 00:00:00,164756.05,177853.01846977085,174768.3714680808,-13096.968469770858,-10012.321468080801,13096.968469770858,10012.321468080801
2024-03-07 01:00:00,161194.07,172436.92279713787,171259.48361032587,-11242.852797137864,-10065.413610325864,11242.852797137864,10065.413610325864
2024-03-07 02:00:00,158745.38,169836.39184508668,168537.65717238543,-11091.011845086672,-9792.277172385424,11091.011845086672,9792.277172385424
2024-03-07 03:00:00,157796.8,169179.49621427042,166001.89667506982,-11382.696214270429,-8205.096675069828,11382.696214270429,8205.096675069828
2024-03-07 04:00:00,159576.52,169888.98158824717,165533.25658724876,-10312.461588247184,-5956.736587248772,10312.461588247184,5956.736587248772
2024-03-07 05:00:00,166938.58,171729.6024616798,172738.47223965207,-4791.022461679822,-5799.892239652079,4791.022461679822,5799.892239652079
2024-03-07 06:00:00,181035.11,174521.27028974798,179386.28339067075,6513.83971025201,1648.8266093292332,6513.83971025201,1648.8266093292332
2024-03-07 07:00:00,196243.72,178201.1606627371,185910.7620156252,18042.55933726291,10332.957984374807,18042.55933726291,10332.957984374807
2024-03-07 08:00:00,203302.42,182703.0229176799,193402.42140809522,20599.397082320123,9899.99859190479,20599.397082320123,9899.99859190479
2024-03-07 09:00:00,210105.65,187828.20198396707,200634.510634947,22277.448016032926,9471.139365053008,22277.448016032926,9471.139365053008
2024-03-07 10:00:00,213160.39,192974.35590651346,205554.09600557003,20186.034093486553,7606.293994429987,20186.034093486553,7606.293994429987
2024-03-07 11:00:00,210686.49,196762.7112035327,205165.54547563253,13923.77879646729,5520.944524367456,13923.77879646729,5520.944524367456
2024-03-07 12:00:00,204986.45,199663.59756220723,203636.6346216378,5322.852437792782,1349.8153783622256,5322.852437792782,1349.8153783622256
2024-03-07 13:00:00,197462.59,201809.36824368345,200130.78446996643,-4346.778243683453,-2668.194469966431,4346.778243683453,2668.194469966431
2024-03-07 14:00:00,197522.71,203154.7203944071,199076.61688612433,-5632.010394407116,-1553.9068861243431,5632.010394407116,1553.9068861243431
2024-03-07 15:00:00,197585.83,203757.7474138978,198376.7851640343,-6171.917413897812,-790.955164034327,6171.917413897812,790.955164034327
2024-03-07 16:00:00,196179.1,203708.67420359893,196012.1647241795,-7529.574203598924,166.93527582049137,7529.574203598924,166.93527582049137
2024-03-07 17:00:00,189723.0,203014.5605174544,193827.51534053579,-13291.560517454403,-4104.515340535785,13291.560517454403,4104.515340535785
2024-03-07 18:00:00,187365.85,201741.65830845534,192520.3721079008,-14375.808308455336,-5154.52210790079,14375.808308455336,5154.52210790079
2024-03-07 19:00:00,192088.76,199985.8573613159,192077.39533638576,-7897.097361315886,11.364663614251185,7897.097361315886,11.364663614251185
2024-03-07 20:00:00,183505.36,197743.9572006219,190995.76325809612,-14238.597200621909,-7490.403258096136,14238.597200621909,7490.403258096136
2024-03-07 21:00:00,177952.25,195055.80775403275,189898.03370841863,-17103.55775403275,-11945.783708418632,17103.55775403275,11945.783708418632
2024-03-07 22:00:00,174208.87,191968.6886550501,187140.74238290777,-17759.818655050098,-12931.872382907779,17759.818655050098,12931.872382907779
2024-03-07 23:00:00,171895.37,188583.83497151837,179354.6223599976,-16688.464971518377,-7459.2523599975975,16688.464971518377,7459.2523599975975
2024-03-08 00:00:00,167938.0,182569.82918932952,175039.1099641919,-14631.829189329525,-7101.109964191914,14631.829189329525,7101.109964191914
2024-03-08 01:00:00,164138.68,177798.58208563822,171389.03189654436,-13659.902085638227,-7250.351896544365,13659.902085638227,7250.351896544365
2024-03-08 02:00:00,161621.61,175398.1652979727,168783.6640634524,-13776.555297972722,-7162.054063452408,13776.555297972722,7162.054063452408
2024-03-08 03:00:00,160590.29,174622.4490410156,166524.38081674365,-14032.159041015606,-5934.090816743643,14032.159041015606,5934.090816743643
2024-03-08 04:00:00,162993.68,175201.22783178868,165696.12230351847,-12207.547831788688,-2702.4423035184736,12207.547831788688,2702.4423035184736
2024-03-08 05:00:00,170887.11,176920.67017027803,171980.0246398438,-6033.5601702780405,-1092.9146398438024,6033.5601702780405,1092.9146398438024
2024-03-08 06:00:00,182791.15,179597.54716282862,178817.5532666789,3193.6028371713764,3973.5967333210865,3193.6028371713764,3973.5967333210865
2024-03-08 07:00:00,195180.1,183134.53662697258,184788.1574892857,12045.563373027428,10391.942510714318,12045.563373027428,10391.942510714318
2024-03-08 08:00:00,203007.67,187439.99351503776,191774.55979776577,15567.676484962256,11233.110202234238,15567.676484962256,11233.110202234238
2024-03-08 09:00:00,211837.74,192305.73004212475,199873.65456195947,19532.00995787524,11964.085438040522,19532.00995787524,11964.085438040522
2024-03-08 10:00:00,216473.03,197206.26661672906,205038.55884088742,19266.76338327094,11434.471159112582,19266.76338327094,11434.471159112582
2024-03-08 11:00:00,214978.1,200754.5655877848,204806.95802920402,14223.534412215202,10171.141970795987,14223.534412215202,10171.141970795987
2024-03-08 12:00:00,208456.36,203460.95411928048,202977.24413865092,4995.405880719511,5479.11586134907,4995.405880719511,5479.11586134907
2024-03-08 13:00:00,198917.55,205538.1861017611,200107.76925288598,-6620.636101761105,-1190.2192528859887,6620.636101761105,1190.2192528859887
2024-03-08 14:00:00,196204.39,206934.09104399433,199161.67480051593,-10729.701043994311,-2957.2848005159176,10729.701043994311,2957.2848005159176
2024-03-08 15:00:00,195811.22,207648.5329813117,198343.78971046297,-11837.312981311698,-2532.5697104629653,11837.312981311698,2532.5697104629653
2024-03-08 16:00:00,192598.38,207693.48488146788,195805.48298990313,-15095.10488146788,-3207.1029899031273,15095.10488146788,3207.1029899031273
2024-03-08 17:00:00,185411.73,207054.90721375856,193603.04767558875,-21643.17721375855,-8191.31767558874,21643.17721375855,8191.31767558874
2024-03-08 18:00:00,183686.55,205846.09804642954,192445.34184324753,-22159.548046429554,-8758.791843247542,22159.548046429554,8758.791843247542
2024-03-08 19:00:00,187100.51,204224.8526180696,192084.85339772966,-17124.342618069582,-4984.343397729652,17124.342618069582,4984.343397729652
2024-03-08 20:00:00,178151.73,202238.43054763955,190982.60074392083,-24086.700547639542,-12830.870743920823,24086.700547639542,12830.870743920823
2024-03-08 21:00:00,173181.53,199763.77193163562,189884.61780859067,-26582.241931635624,-16703.087808590673,26582.241931635624,16703.087808590673
2024-03-08 22:00:00,170299.1,196850.8405039449,187598.99661584425,-26551.740503944893,-17299.89661584425,26551.740503944893,17299.89661584425
2024-03-08 23:00:00,169051.83,193641.1856664634,179288.40278309284,-24589.35566646341,-10236.572783092852,24589.35566646341,10236.572783092852
2024-03-09 00:00:00,166007.46,187293.23355457,174914.86836897794,-21285.773554570012,-8907.40836897795,21285.773554570012,8907.40836897795
2024-03-09 01:00:00,162598.74,182564.20917984104,171260.66671445585,-19965.46917984105,-8661.926714455854,19965.46917984105,8661.926714455854
2024-03-09 02:00:00,159489.25,180426.0952193657,168727.41570539415,-20936.8452193657,-9238.165705394145,20936.8452193657,9238.165705394145
2024-03-09 03:00:00,158455.28,179852.09841600174,166349.71247135496,-21396.81841600174,-7894.432471354958,21396.81841600174,7894.432471354958
2024-03-09 04:00:00,160363.4,180588.53932359684,165517.98237201053,-20225.139323596843,-5154.58237201054,20225.139323596843,5154.58237201054
2024-03-09 05:00:00,167814.52,182327.48999773688,170964.36890635407,-14512.969997736887,-3149.8489063540765,14512.969997736887,3149.8489063540765
2024-03-09 06:00:00,179754.19,184831.14909861045,178441.52613935748,-5076.959098610445,1312.6638606425258,5076.959098610445,1312.6638606425258
2024-03-09 07:00:00,192418.44,188020.3753947811,183847.14390308096,4398.064605218911,8571.296096919046,4398.064605218911,8571.296096919046
2024-03-09 08:00:00,200626.43,191881.37637788645,190663.36468895624,8745.05362211354,9963.065311043756,8745.05362211354,9963.065311043756
2024-03-09 09:00:00,208220.97,196261.07471687638,198556.55424170513,11959.895283123624,9664.415758294868,11959.895283123624,9664.415758294868
2024-03-09 10:00:00,210185.34,200628.77765547598,203986.41685121928,9556.56234452402,6198.923148780712,9556.56234452402,6198.923148780712
2024-03-09 11:00:00,208338.28,203692.6824531056,203316.4010998918,4645.597546894394,5021.87890010819,4645.597546894394,5021.87890010819
2024-03-09 12:00:00,202781.85,206029.1259086621,201723.5914342064,-3247.2759086620936,1058.2585657935997,3247.2759086620936,1058.2585657935997
2024-03-09 13:00:00,196035.33,207922.15165754658,199867.26626159938,-11886.821657546592,-3831.9362615993887,11886.821657546592,3831.9362615993887
2024-03-09 14:00:00,195921.93,209291.3377296649,198692.62783902124,-13369.407729664905,-2770.697839021246,13369.407729664905,2770.697839021246
2024-03-09 15:00:00,196926.82,210086.46645427105,198071.54159399465,-13159.646454271046,-1144.7215939946473,13159.646454271046,1144.7215939946473
2024-03-09 16:00:00,194527.76,210282.59524385995,195336.60110893162,-15754.83524385994,-808.8411089316069,15754.83524385994,808.8411089316069
2024-03-09 17:00:00,187765.75,209773.69760788433,192985.7981858894,-22007.94760788433,-5220.048185889405,22007.94760788433,5220.048185889405
2024-03-09 18:00:00,185573.01,208671.49046438403,192149.52738986467,-23098.480464384018,-6576.517389864661,23098.480464384018,6576.517389864661
2024-03-09 19:00:00,190009.07,207091.7722488938,192147.8406725115,-17082.702248893795,-2138.770672511484,17082.702248893795,2138.770672511484
2024-03-09 20:00:00,182935.02,205120.38817016562,190824.89194799832,-22185.36817016563,-7889.8719479983265,22185.36817016563,7889.8719479983265
2024-03-09 21:00:00,177579.59,202688.44388763217,190074.88485468164,-25108.85388763217,-12495.294854681648,25108.85388763217,12495.294854681648
2024-03-09 22:00:00,174482.85,199803.2465122746,188371.39686971137,-25320.3965122746,-13888.546869711368,25320.3965122746,13888.546869711368
2024-03-09 23:00:00,172832.38,196593.10408379725,183922.34405947334,-23760.72408379725,-11089.964059473336,23760.72408379725,11089.964059473336
2024-03-10 00:00:00,168644.36,189495.87752637107,177751.55938423483,-20851.517526371084,-9107.199384234846,20851.517526371084,9107.199384234846
2024-03-10 01:00:00,164570.0,184157.72843886845,173022.7055133517,-19587.72843886845,-8452.705513351713,19587.72843886845,8452.705513351713
2024-03-10 02:00:00,161687.71,181454.61311640116,169768.2926183002,-19766.90311640117,-8080.582618300221,19766.90311640117,8080.582618300221
2024-03-10 03:00:00,160321.04,180656.89731949705,167294.67880771615,-20335.857319497038,-6973.638807716139,20335.857319497038,6973.638807716139
2024-03-10 04:00:00,161579.43,181151.6410017809,166002.76568981478,-19572.211001780903,-4423.33568981479,19572.211001780903,4423.33568981479
2024-03-10 05:00:00,167698.68,182681.58438229703,169156.18452449742,-14982.904382297042,-1457.5045244974317,14982.904382297042,1457.5045244974317
2024-03-10 06:00:00,176893.1,184990.4542616108,175821.7854497398,-8097.3542616108025,1071.3145502601983,8097.3542616108025,1071.3145502601983
2024-03-10 07:00:00,186679.03,187931.04957641548,180173.69579671955,-1252.0195764154778,6505.33420328045,1252.0195764154778,6505.33420328045
2024-03-10 08:00:00,193919.67,191388.57127384332,184667.01162851296,2531.0987261566916,9252.65837148705,2531.0987261566916,9252.65837148705
2024-03-10 09:00:00,201147.99,195241.88930598908,191864.2502821429,5906.100694010907,9283.739717857097,5906.100694010907,9283.739717857097
2024-03-10 10:00:00,203716.13,198980.92477448814,197181.93142520677,4735.2052255118615,6534.198574793234,4735.2052255118615,6534.198574793234
2024-03-10 11:00:00,201728.59,201409.97417178235,197364.6933406615,318.6158282176475,4363.896659338498,318.6158282176475,4363.896659338498
2024-03-10 12:00:00,197142.99,203300.04741849873,197016.5368804786,-6157.0574184987345,126.45311952137854,6157.0574184987345,126.45311952137854
2024-03-10 13:00:00,191595.23,204735.38749523886,196857.02748635167,-13140.157495238847,-5261.797486351657,13140.157495238847,5261.797486351657
2024-03-10 14:00:00,189120.81,205707.31336540304,196893.0574469313,-16586.50336540304,-7772.2474469313165,16586.50336540304,7772.2474469313165
2024-03-10 15:00:00,186683.19,206146.06605554232,195804.90821057008,-19462.87605554232,-9121.718210570078,19462.87605554232,9121.718210570078
2024-03-10 16:00:00,183967.39,206016.32722448616,192920.64628033518,-22048.937224486144,-8953.256280335161,22048.937224486144,8953.256280335161
2024-03-10 17:00:00,177288.34,205213.22650014702,190002.15458766566,-27924.886500147026,-12713.814587665664,27924.886500147026,12713.814587665664
2024-03-10 18:00:00,176762.04,203750.33274116088,189568.8694260367,-26988.29274116087,-12806.829426036682,26988.29274116087,12806.829426036682
2024-03-10 19:00:00,181584.02,201758.51151102956,190097.36124114247,-20174.49151102957,-8513.34124114248,20174.49151102957,8513.34124114248
2024-03-10 20:00:00,174846.49,199369.58661057643,189532.69102897306,-24523.09661057644,-14686.201028973068,24523.09661057644,14686.201028973068
2024-03-10 21:00:00,170996.32,196628.98988451186,189152.7819831265,-25632.66988451185,-18156.4619831265,25632.66988451185,18156.4619831265
2024-03-10 22:00:00,168227.91,193497.23532167313,188438.86349601246,-25269.325321673125,-20210.95349601246,25269.325321673125,20210.95349601246
2024-03-10 23:00:00,166789.48,190065.94774728673,185037.59055320118,-23276.46774728672,-18248.11055320117,23276.46774728672,18248.11055320117
2024-03-11 00:00:00,162934.76,188298.55161320345,180203.11757622406,-25363.791613203444,-17268.35757622405,25363.791613203444,17268.35757622405
2024-03-11 01:00:00,159576.88,186159.8110590997,175736.4435302765,-26582.931059099705,-16159.5635302765,26582.931059099705,16159.5635302765
2024-03-11 02:00:00,157423.62,185217.17838638846,172501.9040681141,-27793.558386388468,-15078.284068114095,27793.558386388468,15078.284068114095
2024-03-11 03:00:00,156497.89,185390.3620500206,171284.96226648596,-28892.472050020588,-14787.07226648595,28892.472050020588,14787.07226648595
2024-03-11 04:00:00,158350.18,186491.89481197888,170916.6760514638,-28141.71481197889,-12566.496051463793,28141.71481197889,12566.496051463793
2024-03-11 05:00:00,165703.23,188412.41548356402,173038.64970937994,-22709.18548356401,-7335.41970937993,22709.18548356401,7335.41970937993
2024-03-11 06:00:00,179366.91,190972.89308199167,178856.43483720347,-11605.983081991668,510.47516279653064,11605.983081991668,510.47516279653064
2024-03-11 07:00:00,193913.33,193978.31712629966,182980.14010680167,-64.98712629967486,10933.189893198316,64.98712629967486,10933.189893198316
2024-03-11 08:00:00,201665.56,197345.17889830528,188981.65922256612,4320.381101694715,12683.900777433882,4320.381101694715,12683.900777433882
2024-03-11 09:00:00,211123.83,201001.80024888154,195167.03637365074,10122.029751118447,15956.793626349245,10122.029751118447,15956.793626349245
2024-03-11 10:00:00,215564.9,204451.97089631014,199776.63519326775,11112.92910368985,15788.264806732244,11112.92910368985,15788.264806732244
2024-03-11 11:00:00,214491.79,206699.54283838542,200782.02050288365,7792.247161614592,13709.769497116358,7792.247161614592,13709.769497116358
2024-03-11 12:00:00,210352.2,208388.5978994948,199279.9235721189,1963.6021005052025,11072.276427881123,1963.6021005052025,11072.276427881123
2024-03-11 13:00:00,203562.84,209777.46142613783,198731.36473330925,-6214.621426137834,4831.475266690744,6214.621426137834,4831.475266690744
2024-03-11 14:00:00,202419.31,210869.74932018036,198634.60139350884,-8450.439320180361,3784.7086064911564,8450.439320180361,3784.7086064911564
2024-03-11 15:00:00,202445.08,211620.44847392128,198127.9800890741,-9175.368473921291,4317.099910925899,9175.368473921291,4317.099910925899
2024-03-11 16:00:00,201245.53,211902.8303626168,197074.89712890517,-10657.300362616807,4170.632871094829,10657.300362616807,4170.632871094829
2024-03-11 17:00:00,193835.99,211526.90462672134,195314.60775186628,-17690.91462672135,-1478.617751866288,17690.91462672135,1478.617751866288
2024-03-11 18:00:00,192027.43,210411.45784601703,193828.6853558081,-18384.027846017038,-1801.255355808098,18384.027846017038,1801.255355808098
2024-03-11 19:00:00,195054.79,208691.90550891488,192049.2962013077,-13637.115508914867,3005.4937986923032,13637.115508914867,3005.4937986923032
2024-03-11 20:00:00,186615.77,206470.380765746,191023.35981255694,-19854.61076574601,-4407.589812556951,19854.61076574601,4407.589812556951
2024-03-11 21:00:00,181970.55,203864.8698687988,190868.21297591273,-21894.319868798804,-8897.662975912739,21894.319868798804,8897.662975912739
2024-03-11 22:00:00,179119.1,200962.7960349572,190389.81187329956,-21843.69603495719,-11270.711873299559,21843.69603495719,11270.711873299559
2024-03-11 23:00:00,177872.98,197804.73521624255,188202.46308716937,-19931.75521624254,-10329.483087169356,19931.75521624254,10329.483087169356
2024-03-12 00:00:00,173984.0,191459.4474465021,182984.01324352343,-17475.447446502105,-9000.013243523426,17475.447446502105,9000.013243523426
2024-03-12 01:00:00,169974.14,187412.59698658358,178915.4220416569,-17438.456986583566,-8941.282041656872,17438.456986583566,8941.282041656872
2024-03-12 02:00:00,166956.91,185930.29614624046,174964.71759418395,-18973.38614624046,-8007.807594183949,18973.38614624046,8007.807594183949
2024-03-12 03:00:00,166899.31,186025.79479484318,172383.689412037,-19126.484794843185,-5484.379412037,19126.484794843185,5484.379412037
2024-03-12 04:00:00,169707.28,187179.8781207383,171893.1418843386,-17472.598120738316,-2185.8618843386066,17472.598120738316,2185.8618843386066
2024-03-12 05:00:00,174767.15,189084.964612832,175289.7800341005,-14317.814612832008,-522.6300341004971,14317.814612832008,522.6300341004971
2024-03-12 06:00:00,184960.92,191555.04753300102,179570.01067156845,-6594.12753300101,5390.90932843156,6594.12753300101,5390.90932843156
2024-03-12 07:00:00,196012.17,194501.46817808982,183664.28221601492,1510.7018219101883,12347.88778398509,1510.7018219101883,12347.88778398509
2024-03-12 08:00:00,202042.64,197835.6635809196,189480.59207058192,4206.976419080427,12562.047929418099,4206.976419080427,12562.047929418099
2024-03-12 09:00:00,211331.53,201481.67589385525,196772.69988236175,9849.854106144747,14558.830117638252,9849.854106144747,14558.830117638252
2024-03-12 10:00:00,216506.58,205071.18794087382,202586.3365023641,11435.39205912617,13920.243497635878,11435.39205912617,13920.243497635878
2024-03-12 11:00:00,216010.29,207638.45636935043,203355.89149272488,8371.833630649577,12654.398507275124,8371.833630649577,12654.398507275124
2024-03-12 12:00:00,211348.3,209498.32489660542,201207.4425570274,1849.975103394565,10140.8574429726,1849.975103394565,10140.8574429726
2024-03-12 13:00:00,204978.22,210922.5772834297,199722.9192953584,-5944.357283429708,5255.300704641588,5944.357283429708,5255.300704641588
2024-03-12 14:00:00,204426.4,212071.12500164664,199401.94472259263,-7644.725001646642,5024.455277407367,7644.725001646642,5024.455277407367
2024-03-12 15:00:00,205019.22,212916.861558893,198812.28195112429,-7897.641558892996,6206.938048875716,7897.641558892996,6206.938048875716
2024-03-12 16:00:00,203865.4,213312.44140729806,196901.58150695774,-9447.041407298064,6963.818493042258,9447.041407298064,6963.818493042258
2024-03-12 17:00:00,197198.87,213073.65262067012,194428.91836712125,-15874.782620670128,2769.951632878743,15874.782620670128,2769.951632878743
2024-03-12 18:00:00,194901.09,212121.61154709896,193018.10009368157,-17220.521547098964,1882.9899063184275,17220.521547098964,1882.9899063184275
2024-03-12 19:00:00,198059.24,210528.74623958918,191544.54924823588,-12469.506239589187,6514.690751764108,12469.506239589187,6514.690751764108
2024-03-12 20:00:00,190226.79,208406.742316896,190989.05794216713,-18179.952316896,-762.26794216712,18179.952316896,762.26794216712
2024-03-12 21:00:00,185237.98,205815.42171256873,190615.16813596786,-20577.441712568718,-5377.188135967852,20577.441712568718,5377.188135967852
2024-03-12 22:00:00,182642.68,202863.5762437096,190385.80009851308,-20220.896243709605,-7743.120098513085,20220.896243709605,7743.120098513085
2024-03-12 23:00:00,181869.59,199644.5740525072,189526.72729741587,-17774.984052507207,-7657.137297415873,17774.984052507207,7657.137297415873
2024-03-13 00:00:00,178130.73,192247.8917341087,184805.04290333335,-14117.161734108697,-6674.312903333339,14117.161734108697,6674.312903333339
2024-03-13 01:00:00,174245.28,186983.30637014253,180916.77459176772,-12738.026370142528,-6671.494591767725,12738.026370142528,6671.494591767725
2024-03-13 02:00:00,171150.52,184448.67914169125,176856.30075132957,-13298.159141691256,-5705.780751329585,13298.159141691256,5705.780751329585
2024-03-13 03:00:00,170557.53,183850.03302242493,173484.10136291015,-13292.503022424935,-2926.571362910152,13292.503022424935,2926.571362910152
2024-03-13 04:00:00,173246.39,184691.70175796593,172399.09852640863,-11445.311757965916,847.29147359138,11445.311757965916,847.29147359138
2024-03-13 05:00:00,178067.89,186405.7610323576,176277.92053137082,-8337.871032357594,1789.9694686291914,8337.871032357594,1789.9694686291914
2024-03-13 06:00:00,186868.32,188649.7984540093,180684.03499410057,-1781.4784540092805,6184.285005899437,1781.4784540092805,6184.285005899437
2024-03-13 07:00:00,196355.84,191405.68471327325,184745.90719175246,4950.1552867267455,11609.93280824754,4950.1552867267455,11609.93280824754
2024-03-13 08:00:00,202506.22,194590.73080151647,190151.45783103324,7915.489198483527,12354.762168966758,7915.489198483527,12354.762168966758
2024-03-13 09:00:00,211910.45,198155.11611144565,197219.2915653511,13755.333888554364,14691.15843464891,13755.333888554364,14691.15843464891
2024-03-13 10:00:00,217863.27,201766.39752020137,202773.363133064,16096.872479798621,15089.906866935984,16096.872479798621,15089.906866935984
2024-03-13 11:00:00,217365.16,204187.07553683923,203462.5045108442,13178.084463160776,13902.65548915579,13178.084463160776,13902.65548915579
2024-03-13 12:00:00,213517.76,205927.1274977447,201991.24306788362,7590.632502255321,11526.516932116385,7590.632502255321,11526.516932116385
2024-03-13 13:00:00,204834.89,207348.7028230999,201197.9340721693,-2513.812823099899,3636.9559278307133,2513.812823099899,3636.9559278307133
2024-03-13 14:00:00,204395.62,208392.30520903986,199684.5357587806,-3996.6852090398606,4711.084241219389,3996.6852090398606,4711.084241219389
2024-03-13 15:00:00,204902.03,209028.28866520643,198666.4915026361,-4126.258665206435,6235.538497363887,4126.258665206435,6235.538497363887
2024-03-13 16:00:00,202143.15,209205.59896056182,196431.45775213983,-7062.448960561829,5711.692247860163,7062.448960561829,5711.692247860163
2024-03-13 17:00:00,195383.62,208824.263188052,194400.40442587424,-13440.643188051996,983.2155741257593,13440.643188051996,983.2155741257593
2024-03-13 18:00:00,192490.87,207864.79901548725,192676.91037666617,-15373.929015487258,-186.0403766661766,15373.929015487258,186.0403766661766
2024-03-13 19:00:00,195822.66,206361.3163328096,191567.93325036438,-10538.656332809594,4254.726749635622,10538.656332809594,4254.726749635622
2024-03-13 20:00:00,188171.93,204357.97104125578,191050.25326583636,-16186.041041255783,-2878.3232658363704,16186.041041255783,2878.3232658363704
2024-03-13 21:00:00,184180.75,201900.61763070265,190549.8744757291,-17719.867630702647,-6369.124475729099,17719.867630702647,6369.124475729099
2024-03-13 22:00:00,182373.03,199035.36010181633,190274.31888516637,-16662.330101816333,-7901.288885166374,16662.330101816333,7901.288885166374
2024-03-13 23:00:00,180611.75,195867.3951284919,189874.87309338388,-15255.645128491888,-9263.123093383881,15255.645128491888,9263.123093383881
2024-03-14 00:00:00,177071.77,189295.12441369583,185614.74948777774,-12223.354413695837,-8542.979487777746,12223.354413695837,8542.979487777746
2024-03-14 01:00:00,173276.34,184299.54494601852,181592.4418381044,-11023.204946018523,-8316.101838104398,11023.204946018523,8316.101838104398
2024-03-14 02:00:00,170220.27,181741.04485792824,177778.54751681315,-11520.774857928249,-7558.277516813163,11520.774857928249,7558.277516813163
2024-03-14 03:00:00,169771.67,180749.55002598616,175342.07015850605,-10977.880025986145,-5570.400158506032,10977.880025986145,5570.400158506032
2024-03-14 04:00:00,172385.53,181243.22122568288,174746.07495601024,-8857.69122568288,-2360.5449560102425,8857.69122568288,2360.5449560102425
2024-03-14 05:00:00,178117.78,182751.57341028145,178448.79675746989,-4633.793410281447,-331.0167574698862,4633.793410281447,331.0167574698862
2024-03-14 06:00:00,187473.11,184881.51523815485,181848.153986455,2591.594761845132,5624.9560135449865,2591.594761845132,5624.9560135449865
2024-03-14 07:00:00,196558.73,187493.67612147867,186048.39250749722,9065.053878521343,10510.33749250279,9065.053878521343,10510.33749250279
2024-03-14 08:00:00,202475.55,190549.9781201783,191705.23875600437,11925.571879821684,10770.311243995617,11925.571879821684,10770.311243995617
2024-03-14 09:00:00,211694.59,194003.72662183142,199179.8682123809,17690.86337816858,12514.721787619084,17690.86337816858,12514.721787619084
2024-03-14 10:00:00,215859.8,197549.89574940584,204418.9097395502,18309.904250594147,11440.890260449785,18309.904250594147,11440.890260449785
2024-03-14 11:00:00,215191.64,200054.81358802953,203772.4004792737,15136.826411970484,11419.239520726318,15136.826411970484,11419.239520726318
2024-03-14 12:00:00,211766.64,201874.74807404316,202135.13661866513,9891.89192595685,9631.503381334885,9891.89192595685,9631.503381334885
2024-03-14 13:00:00,205678.67,203384.79894596428,201395.61211867727,2293.871054035728,4283.057881322748,2293.871054035728,4283.057881322748
2024-03-14 14:00:00,206368.47,204503.95807896176,199887.847271455,1864.51192103824,6480.622728545015,1864.51192103824,6480.622728545015
2024-03-14 15:00:00,207259.44,205166.14120252046,198986.62696373407,2093.2987974795396,8272.813036265929,2093.2987974795396,8272.813036265929
2024-03-14 16:00:00,204188.23,205360.23707283635,196633.10293788047,-1172.0070728363353,7555.127062119544,1172.0070728363353,7555.127062119544
2024-03-14 17:00:00,197292.88,205020.2538351782,194428.3287266512,-7727.3738351782085,2864.5512733487994,7727.3738351782085,2864.5512733487994
2024-03-14 18:00:00,194321.16,204112.61911086517,192817.62019732728,-9791.459110865166,1503.5398026727198,9791.459110865166,1503.5398026727198
2024-03-14 19:00:00,198727.39,202684.58298355152,191686.92401539045,-3957.192983551504,7040.46598460956,3957.192983551504,7040.46598460956
2024-03-14 20:00:00,192526.11,200781.60966361428,191127.50413299818,-8255.49966361429,1398.60586700181,8255.49966361429,1398.60586700181
2024-03-14 21:00:00,188777.88,198466.4737994077,190479.45258871984,-9688.593799407681,-1701.572588719835,9688.593799407681,1701.572588719835
2024-03-14 22:00:00,186436.04,195768.60225346964,190165.53839230514,-9332.56225346963,-3729.498392305133,9332.56225346963,3729.498392305133
2024-03-14 23:00:00,184510.35,192743.03435938928,189842.51454716094,-8232.68435938927,-5332.164547160937,8232.68435938927,5332.164547160937
2024-03-15 00:00:00,181430.17,187202.65825801017,186087.04296720517,-5772.488258010155,-4656.872967205156,5772.488258010155,4656.872967205156
2024-03-15 01:00:00,177326.08,182791.01713745564,182117.0657520033,-5464.93713745565,-4790.985752003326,5464.93713745565,4790.985752003326
2024-03-15 02:00:00,174035.32,180606.33561427702,178688.84571126176,-6571.015614277014,-4653.525711261755,6571.015614277014,4653.525711261755
2024-03-15 03:00:00,173089.36,180168.67534136274,176510.26339661292,-7079.315341362759,-3420.9033966129355,7079.315341362759,3420.9033966129355
